Sample_Index,Bankruptcy_Probability,Risk_Score,Risk_Category
2736,0.0011024037,0.11,🟢 Safe
1043,5.6459638e-05,0.01,🟢 Safe
3536,0.99997663,100.0,🔴 Critical Risk
4645,0.0004380416,0.04,🟢 Safe
7147,2.4655119e-05,0.0,🟢 Safe
4631,3.007853e-05,0.0,🟢 Safe
3456,0.0016479879,0.16,🟢 Safe
7649,0.0052169077,0.52,🟢 Safe
6448,9.1447764e-05,0.01,🟢 Safe
6135,0.9884596,98.85,🔴 Critical Risk
4745,0.00029366696,0.03,🟢 Safe
2116,0.0007919729,0.08,🟢 Safe
2359,0.00026892836,0.03,🟢 Safe
6672,0.26339132,26.34,🔵 Low Risk
6509,2.9189137e-05,0.0,🟢 Safe
8125,0.008478778,0.85,🟢 Safe
3460,0.00037129232,0.04,🟢 Safe
83,9.5163945e-05,0.01,🟢 Safe
3089,0.00014294861,0.01,🟢 Safe
1017,0.009819038,0.98,🟢 Safe
6856,0.00014478975,0.01,🟢 Safe
9778,0.0004627736,0.05,🟢 Safe
8400,6.972228e-05,0.01,🟢 Safe
7409,0.000118488184,0.01,🟢 Safe
2753,0.009971306,1.0,🟢 Safe
4623,4.0667463e-05,0.0,🟢 Safe
4441,0.0003999414,0.04,🟢 Safe
6497,5.030566e-05,0.01,🟢 Safe
4029,0.00010045274,0.01,🟢 Safe
4013,0.0004727233,0.05,🟢 Safe
5693,0.013219531,1.32,🟢 Safe
934,0.99980956,99.98,🔴 Critical Risk
7829,5.430003e-05,0.01,🟢 Safe
662,5.3638083e-05,0.01,🟢 Safe
4938,0.11688281,11.69,🟢 Safe
2221,2.7457234e-05,0.0,🟢 Safe
2350,0.00010992666,0.01,🟢 Safe
5907,3.4282904e-05,0.0,🟢 Safe
8845,0.00042353757,0.04,🟢 Safe
170,0.010443874,1.04,🟢 Safe
6551,0.79141635,79.14,🟠 High Risk
3077,0.00012201218,0.01,🟢 Safe
2002,0.00012122393,0.01,🟢 Safe
2732,0.0002291654,0.02,🟢 Safe
3386,4.244448e-05,0.0,🟢 Safe
3712,0.28477433,28.48,🔵 Low Risk
4424,0.0014964859,0.15,🟢 Safe
7518,4.498514e-05,0.0,🟢 Safe
150,4.116526e-05,0.0,🟢 Safe
568,3.9916755e-05,0.0,🟢 Safe
9670,0.0032854555,0.33,🟢 Safe
2064,2.0689415e-05,0.0,🟢 Safe
7702,0.0012384646,0.12,🟢 Safe
8380,0.9985403,99.85,🔴 Critical Risk
4482,0.0013175876,0.13,🟢 Safe
212,0.00016569464,0.02,🟢 Safe
6573,0.9342213,93.42,🔴 Critical Risk
4,0.0014158585,0.14,🟢 Safe
3255,0.00041478124,0.04,🟢 Safe
3271,0.16435178,16.44,🟢 Safe
699,0.00012466953,0.01,🟢 Safe
7682,5.0203194e-05,0.01,🟢 Safe
8350,4.8816844e-05,0.0,🟢 Safe
3546,0.051929977,5.19,🟢 Safe
1437,0.8163585,81.64,🔴 Critical Risk
8765,0.00015757112,0.02,🟢 Safe
6781,0.00085037405,0.09,🟢 Safe
776,0.00039278922,0.04,🟢 Safe
9390,7.7683166e-05,0.01,🟢 Safe
2410,0.80165344,80.17,🔴 Critical Risk
8285,0.9996811,99.97,🔴 Critical Risk
8836,6.0846687e-05,0.01,🟢 Safe
1883,0.00019657511,0.02,🟢 Safe
6500,0.13263023,13.26,🟢 Safe
6742,0.9988738,99.89,🔴 Critical Risk
918,0.025699537,2.57,🟢 Safe
3733,9.605029e-05,0.01,🟢 Safe
5481,3.4828012e-05,0.0,🟢 Safe
8523,3.889352e-05,0.0,🟢 Safe
2771,4.3147364e-05,0.0,🟢 Safe
4934,0.00027617026,0.03,🟢 Safe
8680,0.00019893186,0.02,🟢 Safe
2775,0.07486781,7.49,🟢 Safe
9955,0.9999362,99.99,🔴 Critical Risk
2151,7.919013e-05,0.01,🟢 Safe
9654,0.00058602844,0.06,🟢 Safe
4633,9.408819e-05,0.01,🟢 Safe
1321,4.1779535e-05,0.0,🟢 Safe
5331,0.0006409865,0.06,🟢 Safe
4709,3.943243e-05,0.0,🟢 Safe
1169,4.531465e-05,0.0,🟢 Safe
5974,9.454246e-05,0.01,🟢 Safe
7555,3.6367353e-05,0.0,🟢 Safe
3907,6.148216e-05,0.01,🟢 Safe
7475,7.9457604e-05,0.01,🟢 Safe
2963,3.5584882e-05,0.0,🟢 Safe
7953,0.0019245737,0.19,🟢 Safe
6762,0.99377716,99.38,🔴 Critical Risk
1781,0.16176061,16.18,🟢 Safe
8034,6.123431e-05,0.01,🟢 Safe
9681,0.00017390045,0.02,🟢 Safe
1385,6.8965724e-05,0.01,🟢 Safe
213,0.0002746172,0.03,🟢 Safe
9084,0.000673599,0.07,🟢 Safe
9065,0.009539497,0.95,🟢 Safe
7427,0.0021088938,0.21,🟢 Safe
5992,0.0055149095,0.55,🟢 Safe
3065,4.6654997e-05,0.0,🟢 Safe
2882,0.00014365999,0.01,🟢 Safe
7766,2.4610887e-05,0.0,🟢 Safe
2874,0.00073935767,0.07,🟢 Safe
4068,4.4551813e-05,0.0,🟢 Safe
5508,4.614715e-05,0.0,🟢 Safe
865,2.9466612e-05,0.0,🟢 Safe
7031,2.4018103e-05,0.0,🟢 Safe
2179,0.00013472876,0.01,🟢 Safe
2295,0.9994223,99.94,🔴 Critical Risk
7334,2.1973283e-05,0.0,🟢 Safe
9434,0.047828827,4.78,🟢 Safe
2277,4.674821e-05,0.0,🟢 Safe
2342,0.000109528744,0.01,🟢 Safe
7080,0.9989561,99.9,🔴 Critical Risk
2769,0.9997037,99.97,🔴 Critical Risk
2571,3.445202e-05,0.0,🟢 Safe
1399,0.00010678518,0.01,🟢 Safe
3431,0.0011861636,0.12,🟢 Safe
3618,0.00052821776,0.05,🟢 Safe
295,0.00014390088,0.01,🟢 Safe
5575,8.166669e-05,0.01,🟢 Safe
5355,0.0002548166,0.03,🟢 Safe
6544,3.049173e-05,0.0,🟢 Safe
3442,8.627722e-05,0.01,🟢 Safe
6775,0.00027821684,0.03,🟢 Safe
6206,0.0012500029,0.13,🟢 Safe
6232,0.0005550928,0.06,🟢 Safe
5676,7.75075e-05,0.01,🟢 Safe
8881,0.99010336,99.01,🔴 Critical Risk
4804,4.859205e-05,0.0,🟢 Safe
8842,0.0004133738,0.04,🟢 Safe
5327,1.8770696e-05,0.0,🟢 Safe
5269,0.0002499631,0.02,🟢 Safe
2259,1.1806083e-05,0.0,🟢 Safe
7529,0.0002227882,0.02,🟢 Safe
9333,0.009350889,0.94,🟢 Safe
4513,0.002364235,0.24,🟢 Safe
5965,0.9996439,99.96,🔴 Critical Risk
9957,5.87867e-05,0.01,🟢 Safe
543,6.957012e-05,0.01,🟢 Safe
7724,0.22085255,22.09,🔵 Low Risk
3163,2.3823835e-05,0.0,🟢 Safe
9238,0.00013808413,0.01,🟢 Safe
7754,0.00015782585,0.02,🟢 Safe
220,4.2564745e-05,0.0,🟢 Safe
6661,0.0010316883,0.1,🟢 Safe
1264,5.213774e-05,0.01,🟢 Safe
3403,6.420488e-05,0.01,🟢 Safe
8283,0.10702067,10.7,🟢 Safe
1579,0.0009967069,0.1,🟢 Safe
9544,0.947736,94.77,🔴 Critical Risk
8272,2.7430382e-05,0.0,🟢 Safe
4082,2.9496441e-05,0.0,🟢 Safe
7312,0.00024195448,0.02,🟢 Safe
2113,6.600014e-05,0.01,🟢 Safe
3335,0.00041069114,0.04,🟢 Safe
4920,4.4124343e-05,0.0,🟢 Safe
6374,4.164449e-05,0.0,🟢 Safe
8953,4.8746697e-05,0.0,🟢 Safe
1968,0.9731522,97.32,🔴 Critical Risk
2148,0.20843321,20.84,🔵 Low Risk
2354,0.1602469,16.02,🟢 Safe
8910,7.177781e-05,0.01,🟢 Safe
7342,0.0014421009,0.14,🟢 Safe
9533,5.930263e-05,0.01,🟢 Safe
4501,6.942571e-05,0.01,🟢 Safe
9393,0.0034787464,0.35,🟢 Safe
3288,0.9979096,99.79,🔴 Critical Risk
7832,6.898231e-05,0.01,🟢 Safe
6133,0.0019680227,0.2,🟢 Safe
9771,4.1549956e-05,0.0,🟢 Safe
8898,9.44692e-05,0.01,🟢 Safe
7521,0.8691946,86.92,🔴 Critical Risk
885,1.8469187e-05,0.0,🟢 Safe
1961,4.9577193e-05,0.0,🟢 Safe
6348,0.0003447807,0.03,🟢 Safe
3717,0.024341851,2.43,🟢 Safe
3218,9.7914264e-05,0.01,🟢 Safe
6496,0.12768605,12.77,🟢 Safe
923,0.00034799727,0.03,🟢 Safe
4677,8.881146e-05,0.01,🟢 Safe
9040,9.7514065e-05,0.01,🟢 Safe
4032,0.03793417,3.79,🟢 Safe
4069,0.00011270309,0.01,🟢 Safe
4638,6.765499e-05,0.01,🟢 Safe
2147,0.043078505,4.31,🟢 Safe
5160,0.0006933196,0.07,🟢 Safe
2378,3.8236478e-05,0.0,🟢 Safe
3340,7.239656e-05,0.01,🟢 Safe
2972,1.9174597e-05,0.0,🟢 Safe
3030,6.6934204e-05,0.01,🟢 Safe
1216,0.9998827,99.99,🔴 Critical Risk
1395,9.177414e-05,0.01,🟢 Safe
9980,9.4329574e-05,0.01,🟢 Safe
2986,0.0062234714,0.62,🟢 Safe
3243,0.00025630218,0.03,🟢 Safe
4618,3.3755536e-05,0.0,🟢 Safe
5325,4.2105396e-05,0.0,🟢 Safe
8579,4.3632765e-05,0.0,🟢 Safe
4978,0.00045025442,0.05,🟢 Safe
8662,4.5112687e-05,0.0,🟢 Safe
8592,3.2243766e-05,0.0,🟢 Safe
3701,2.3237018e-05,0.0,🟢 Safe
1951,0.0002632205,0.03,🟢 Safe
1685,6.6874105e-05,0.01,🟢 Safe
6273,5.1400828e-05,0.01,🟢 Safe
7035,0.29339942,29.34,🔵 Low Risk
950,0.00047570944,0.05,🟢 Safe
1526,2.592522e-05,0.0,🟢 Safe
7013,8.9774825e-05,0.01,🟢 Safe
5379,5.0954466e-05,0.01,🟢 Safe
9125,0.00010941527,0.01,🟢 Safe
9757,0.00010256974,0.01,🟢 Safe
8674,0.019511584,1.95,🟢 Safe
2869,4.030431e-05,0.0,🟢 Safe
206,0.9999231,99.99,🔴 Critical Risk
1552,0.00014914038,0.01,🟢 Safe
9665,0.0001970559,0.02,🟢 Safe
9086,5.005734e-05,0.01,🟢 Safe
3946,8.2244005e-05,0.01,🟢 Safe
9848,0.00041849553,0.04,🟢 Safe
3114,4.722487e-05,0.0,🟢 Safe
3529,7.575154e-05,0.01,🟢 Safe
8191,0.00016732009,0.02,🟢 Safe
2716,0.0007396275,0.07,🟢 Safe
9969,0.0011126571,0.11,🟢 Safe
7916,7.933465e-05,0.01,🟢 Safe
9392,0.0005573608,0.06,🟢 Safe
5734,0.98945844,98.95,🔴 Critical Risk
710,4.3902855e-05,0.0,🟢 Safe
3721,7.545026e-05,0.01,🟢 Safe
8895,5.4284552e-05,0.01,🟢 Safe
822,0.00031694173,0.03,🟢 Safe
6516,0.9605082,96.05,🔴 Critical Risk
8204,0.0003121152,0.03,🟢 Safe
8725,7.6615615e-05,0.01,🟢 Safe
1876,2.4901532e-05,0.0,🟢 Safe
3048,2.6284823e-05,0.0,🟢 Safe
5143,0.00011034285,0.01,🟢 Safe
6255,3.9403527e-05,0.0,🟢 Safe
7265,0.3390685,33.91,🔵 Low Risk
8146,3.803852e-05,0.0,🟢 Safe
438,0.00067726494,0.07,🟢 Safe
7866,0.00019424001,0.02,🟢 Safe
6962,1.8145696e-05,0.0,🟢 Safe
857,0.0009617763,0.1,🟢 Safe
1643,0.99828607,99.83,🔴 Critical Risk
7343,3.7581467e-05,0.0,🟢 Safe
7476,0.00014644566,0.01,🟢 Safe
6650,0.00011883001,0.01,🟢 Safe
9927,5.088823e-05,0.01,🟢 Safe
8875,3.217312e-05,0.0,🟢 Safe
8428,2.513465e-05,0.0,🟢 Safe
8314,9.3509836e-05,0.01,🟢 Safe
8786,3.14618e-05,0.0,🟢 Safe
6296,0.0003034145,0.03,🟢 Safe
467,4.117555e-05,0.0,🟢 Safe
5802,3.471017e-05,0.0,🟢 Safe
9332,0.00043053186,0.04,🟢 Safe
9697,4.4006472e-05,0.0,🟢 Safe
2473,0.6331829,63.32,🟠 High Risk
423,2.8834369e-05,0.0,🟢 Safe
8233,4.9977636e-05,0.0,🟢 Safe
8394,0.0001357431,0.01,🟢 Safe
8644,4.930609e-05,0.0,🟢 Safe
5038,3.0925494e-05,0.0,🟢 Safe
9383,0.00022586792,0.02,🟢 Safe
8216,0.047212943,4.72,🟢 Safe
919,7.431673e-05,0.01,🟢 Safe
5982,5.581121e-05,0.01,🟢 Safe
8123,0.996752,99.68,🔴 Critical Risk
8517,0.0040861364,0.41,🟢 Safe
2675,7.8682264e-05,0.01,🟢 Safe
4386,0.0006008129,0.06,🟢 Safe
5917,0.00023392674,0.02,🟢 Safe
2218,0.0006975549,0.07,🟢 Safe
960,0.00013604049,0.01,🟢 Safe
3635,0.00025358517,0.03,🟢 Safe
4573,6.180677e-05,0.01,🟢 Safe
5195,0.006714757,0.67,🟢 Safe
6311,2.5070372e-05,0.0,🟢 Safe
5025,0.0047015087,0.47,🟢 Safe
580,0.0005339361,0.05,🟢 Safe
573,6.907762e-05,0.01,🟢 Safe
7880,4.0927116e-05,0.0,🟢 Safe
6031,2.6831183e-05,0.0,🟢 Safe
306,0.99996614,100.0,🔴 Critical Risk
4172,0.00025936984,0.03,🟢 Safe
1061,6.15292e-05,0.01,🟢 Safe
4339,1.5874128e-05,0.0,🟢 Safe
8743,0.7439339,74.39,🟠 High Risk
5922,0.011766604,1.18,🟢 Safe
8276,0.00010308256,0.01,🟢 Safe
1148,0.17654005,17.65,🟢 Safe
6362,0.00041155002,0.04,🟢 Safe
8919,3.366681e-05,0.0,🟢 Safe
8538,0.00080554077,0.08,🟢 Safe
3179,4.488367e-05,0.0,🟢 Safe
3777,0.00012980375,0.01,🟢 Safe
6385,9.49953e-05,0.01,🟢 Safe
9813,8.576781e-05,0.01,🟢 Safe
7875,6.886787e-05,0.01,🟢 Safe
3569,2.3253911e-05,0.0,🟢 Safe
3327,0.9897836,98.98,🔴 Critical Risk
8515,0.01792473,1.79,🟢 Safe
1815,2.9423281e-05,0.0,🟢 Safe
2617,2.950035e-05,0.0,🟢 Safe
4503,0.00022152344,0.02,🟢 Safe
5243,0.2739581,27.4,🔵 Low Risk
5653,0.08372584,8.37,🟢 Safe
8236,0.00013696254,0.01,🟢 Safe
2029,0.0004870303,0.05,🟢 Safe
6986,5.2518983e-05,0.01,🟢 Safe
1301,0.00020715989,0.02,🟢 Safe
9108,0.000103707156,0.01,🟢 Safe
8416,0.18736689,18.74,🟢 Safe
7407,5.777207e-05,0.01,🟢 Safe
287,0.00016528089,0.02,🟢 Safe
4614,0.0004980889,0.05,🟢 Safe
7154,6.9431604e-05,0.01,🟢 Safe
3127,0.00012526977,0.01,🟢 Safe
1054,0.9998425,99.98,🔴 Critical Risk
9391,0.101522684,10.15,🟢 Safe
3951,0.00022021588,0.02,🟢 Safe
8414,6.53758e-05,0.01,🟢 Safe
9109,0.0001395751,0.01,🟢 Safe
1636,0.000113503454,0.01,🟢 Safe
6638,0.98964393,98.96,🔴 Critical Risk
8533,5.9482394e-05,0.01,🟢 Safe
5415,0.0060547125,0.61,🟢 Safe
2087,0.42770538,42.77,🟡 Moderate Risk
4972,6.842241e-05,0.01,🟢 Safe
1285,8.316222e-05,0.01,🟢 Safe
702,3.1599277e-05,0.0,🟢 Safe
6624,4.542996e-05,0.0,🟢 Safe
1134,0.7254605,72.55,🟠 High Risk
2052,0.8667253,86.67,🔴 Critical Risk
3656,0.00010661709,0.01,🟢 Safe
732,0.00021832988,0.02,🟢 Safe
7474,0.00019977959,0.02,🟢 Safe
7897,5.2890355e-05,0.01,🟢 Safe
6523,0.96072185,96.07,🔴 Critical Risk
4738,0.00012597375,0.01,🟢 Safe
3407,5.7350997e-05,0.01,🟢 Safe
5039,0.012637181,1.26,🟢 Safe
3736,0.0025928963,0.26,🟢 Safe
5342,2.8957573e-05,0.0,🟢 Safe
3302,3.261046e-05,0.0,🟢 Safe
9759,4.0068353e-05,0.0,🟢 Safe
6034,0.11025413,11.03,🟢 Safe
4789,0.0012923293,0.13,🟢 Safe
7631,0.0012492524,0.12,🟢 Safe
4076,0.19520408,19.52,🟢 Safe
9251,6.5698034e-05,0.01,🟢 Safe
3029,1.5176141e-05,0.0,🟢 Safe
6438,6.815216e-05,0.01,🟢 Safe
3482,0.021949926,2.19,🟢 Safe
4414,2.7580394e-05,0.0,🟢 Safe
3454,0.00014256746,0.01,🟢 Safe
1431,0.00068736624,0.07,🟢 Safe
154,5.5814995e-05,0.01,🟢 Safe
8331,0.9998615,99.99,🔴 Critical Risk
4821,0.0039268387,0.39,🟢 Safe
6774,0.00026355524,0.03,🟢 Safe
7020,0.00048107066,0.05,🟢 Safe
6889,0.00011039274,0.01,🟢 Safe
5421,0.000100809506,0.01,🟢 Safe
8878,0.00036086445,0.04,🟢 Safe
8869,0.0003927364,0.04,🟢 Safe
7627,8.768526e-05,0.01,🟢 Safe
2190,5.914128e-05,0.01,🟢 Safe
6089,0.11696567,11.7,🟢 Safe
3402,0.00016546823,0.02,🟢 Safe
4620,0.000100579826,0.01,🟢 Safe
6686,9.97617e-05,0.01,🟢 Safe
9264,0.00030135844,0.03,🟢 Safe
847,0.05111254,5.11,🟢 Safe
5573,0.0059324694,0.59,🟢 Safe
5738,0.065824345,6.58,🟢 Safe
180,0.0044188797,0.44,🟢 Safe
6442,0.00039265634,0.04,🟢 Safe
5368,0.00028828057,0.03,🟢 Safe
8821,0.016610889,1.66,🟢 Safe
9488,0.00023436095,0.02,🟢 Safe
7280,3.8001792e-05,0.0,🟢 Safe
8462,0.0001322644,0.01,🟢 Safe
858,0.51956195,51.96,🟡 Moderate Risk
1415,0.0007366226,0.07,🟢 Safe
4676,3.7580856e-05,0.0,🟢 Safe
3064,0.0007899353,0.08,🟢 Safe
8695,0.00057180296,0.06,🟢 Safe
3703,3.638914e-05,0.0,🟢 Safe
2268,5.8634247e-05,0.01,🟢 Safe
7951,0.9994603,99.95,🔴 Critical Risk
1025,0.001039887,0.1,🟢 Safe
354,0.5938113,59.38,🟡 Moderate Risk
737,0.00013219984,0.01,🟢 Safe
1203,3.282334e-05,0.0,🟢 Safe
9003,0.00015182138,0.02,🟢 Safe
1639,0.0011222771,0.11,🟢 Safe
1362,5.928968e-05,0.01,🟢 Safe
5871,0.00018136292,0.02,🟢 Safe
8384,0.00089561346,0.09,🟢 Safe
6992,0.00043739777,0.04,🟢 Safe
2197,0.0013298658,0.13,🟢 Safe
4057,0.9831944,98.32,🔴 Critical Risk
7942,0.0047556194,0.48,🟢 Safe
6010,0.0017856277,0.18,🟢 Safe
671,8.0864396e-05,0.01,🟢 Safe
7903,0.00027277443,0.03,🟢 Safe
6704,0.00018049793,0.02,🟢 Safe
5037,0.00015619639,0.02,🟢 Safe
8453,0.15871295,15.87,🟢 Safe
9283,9.1012094e-05,0.01,🟢 Safe
4931,0.00013176515,0.01,🟢 Safe
4768,3.5290428e-05,0.0,🟢 Safe
3911,0.9953063,99.53,🔴 Critical Risk
3845,5.0682742e-05,0.01,🟢 Safe
1109,0.00011104383,0.01,🟢 Safe
8593,6.9723006e-05,0.01,🟢 Safe
2314,0.00021439513,0.02,🟢 Safe
743,0.01248108,1.25,🟢 Safe
5695,0.00014671794,0.01,🟢 Safe
554,4.8800368e-05,0.0,🟢 Safe
4844,0.00023078623,0.02,🟢 Safe
1064,3.851582e-05,0.0,🟢 Safe
5933,4.075089e-05,0.0,🟢 Safe
3267,0.00014910269,0.01,🟢 Safe
3809,6.160276e-05,0.01,🟢 Safe
2929,2.4567342e-05,0.0,🟢 Safe
5746,9.0990834e-05,0.01,🟢 Safe
1906,0.0005275546,0.05,🟢 Safe
6843,0.86956733,86.96,🔴 Critical Risk
3587,0.00025344183,0.03,🟢 Safe
7082,0.0003121045,0.03,🟢 Safe
3097,0.99392927,99.39,🔴 Critical Risk
4166,4.5578887e-05,0.0,🟢 Safe
6711,0.0019566892,0.2,🟢 Safe
4963,0.0002167936,0.02,🟢 Safe
1121,0.06488819,6.49,🟢 Safe
8852,0.018005466,1.8,🟢 Safe
1249,3.718412e-05,0.0,🟢 Safe
7662,0.0014284621,0.14,🟢 Safe
1657,0.9990087,99.9,🔴 Critical Risk
432,0.00022336333,0.02,🟢 Safe
6132,2.2136368e-05,0.0,🟢 Safe
2363,8.3314466e-05,0.01,🟢 Safe
5859,0.0001346594,0.01,🟢 Safe
9638,0.00010699576,0.01,🟢 Safe
8134,8.055177e-05,0.01,🟢 Safe
1914,0.0044445,0.44,🟢 Safe
516,5.7012207e-05,0.01,🟢 Safe
8165,0.00014099975,0.01,🟢 Safe
6914,0.00016023124,0.02,🟢 Safe
9417,0.00025132284,0.03,🟢 Safe
5303,0.0011096966,0.11,🟢 Safe
8942,0.0018886926,0.19,🟢 Safe
2022,0.00022230312,0.02,🟢 Safe
8497,5.749178e-05,0.01,🟢 Safe
6707,0.00016834283,0.02,🟢 Safe
1931,2.9533792e-05,0.0,🟢 Safe
7617,5.6798453e-05,0.01,🟢 Safe
7374,3.411384e-05,0.0,🟢 Safe
8401,0.0006675648,0.07,🟢 Safe
8007,0.00065431645,0.07,🟢 Safe
2830,0.00019331065,0.02,🟢 Safe
8887,0.0090999715,0.91,🟢 Safe
591,2.506146e-05,0.0,🟢 Safe
4905,0.0009015511,0.09,🟢 Safe
2076,0.0001488223,0.01,🟢 Safe
3782,4.1600706e-05,0.0,🟢 Safe
1759,0.00090554956,0.09,🟢 Safe
992,0.00030378965,0.03,🟢 Safe
3494,0.000103610386,0.01,🟢 Safe
8590,0.99951255,99.95,🔴 Critical Risk
191,0.99161434,99.16,🔴 Critical Risk
8418,0.00015331514,0.02,🟢 Safe
8899,8.7465036e-05,0.01,🟢 Safe
1825,0.00021811161,0.02,🟢 Safe
8866,6.465254e-05,0.01,🟢 Safe
4658,6.57981e-05,0.01,🟢 Safe
3650,4.8165253e-05,0.0,🟢 Safe
8577,2.2893793e-05,0.0,🟢 Safe
7181,0.00011900054,0.01,🟢 Safe
5766,6.481897e-05,0.01,🟢 Safe
2286,5.158802e-05,0.01,🟢 Safe
8727,0.00021428539,0.02,🟢 Safe
9849,4.1518746e-05,0.0,🟢 Safe
8620,0.00074935856,0.07,🟢 Safe
8131,0.0002963962,0.03,🟢 Safe
2724,0.00020127016,0.02,🟢 Safe
5620,0.00010604957,0.01,🟢 Safe
4093,1.963031e-05,0.0,🟢 Safe
3673,0.99907565,99.91,🔴 Critical Risk
9879,0.0005462067,0.05,🟢 Safe
2236,0.004600069,0.46,🟢 Safe
8970,0.029778702,2.98,🟢 Safe
6424,0.010864804,1.09,🟢 Safe
836,0.00020320695,0.02,🟢 Safe
8393,4.4042117e-05,0.0,🟢 Safe
4696,0.0002943638,0.03,🟢 Safe
7648,0.07910805,7.91,🟢 Safe
2167,0.9989054,99.89,🔴 Critical Risk
3692,4.5742876e-05,0.0,🟢 Safe
6017,2.7156488e-05,0.0,🟢 Safe
3424,4.0493895e-05,0.0,🟢 Safe
3779,0.00015642353,0.02,🟢 Safe
1634,0.0026430753,0.26,🟢 Safe
5034,4.2528063e-05,0.0,🟢 Safe
3591,0.00016995681,0.02,🟢 Safe
340,0.0013081484,0.13,🟢 Safe
524,5.1952564e-05,0.01,🟢 Safe
1409,0.00016808299,0.02,🟢 Safe
7395,0.01177205,1.18,🟢 Safe
449,0.0001681941,0.02,🟢 Safe
6423,0.81466526,81.47,🔴 Critical Risk
9521,9.4970484e-05,0.01,🟢 Safe
8132,0.00027598155,0.03,🟢 Safe
4406,0.00018511487,0.02,🟢 Safe
1453,0.0017256778,0.17,🟢 Safe
3178,0.8844511,88.45,🔴 Critical Risk
8995,3.2031927e-05,0.0,🟢 Safe
5105,0.00044572397,0.04,🟢 Safe
9516,0.015472317,1.55,🟢 Safe
5924,0.1590673,15.91,🟢 Safe
9456,1.840366e-05,0.0,🟢 Safe
8073,0.00011034769,0.01,🟢 Safe
6216,0.00045939893,0.05,🟢 Safe
2338,3.5551675e-05,0.0,🟢 Safe
8336,0.9961188,99.61,🔴 Critical Risk
1164,5.7766563e-05,0.01,🟢 Safe
1252,8.693826e-05,0.01,🟢 Safe
2890,8.896318e-05,0.01,🟢 Safe
7722,5.0803137e-05,0.01,🟢 Safe
6610,9.559743e-05,0.01,🟢 Safe
4146,0.00011005115,0.01,🟢 Safe
7066,0.95047134,95.05,🔴 Critical Risk
8248,0.020783091,2.08,🟢 Safe
105,3.804164e-05,0.0,🟢 Safe
9397,0.9991547,99.92,🔴 Critical Risk
7309,0.00013162526,0.01,🟢 Safe
5930,0.00034283524,0.03,🟢 Safe
4753,5.0260343e-05,0.01,🟢 Safe
7206,0.00016578916,0.02,🟢 Safe
5603,0.98933893,98.93,🔴 Critical Risk
348,0.0015596153,0.16,🟢 Safe
165,7.2409195e-05,0.01,🟢 Safe
3144,4.610615e-05,0.0,🟢 Safe
1303,3.569279e-05,0.0,🟢 Safe
8731,0.9980544,99.81,🔴 Critical Risk
2908,2.3289576e-05,0.0,🟢 Safe
8425,0.9998895,99.99,🔴 Critical Risk
2610,0.99715036,99.72,🔴 Critical Risk
1488,8.7570195e-05,0.01,🟢 Safe
3416,4.5250094e-05,0.0,🟢 Safe
1533,0.8604414,86.04,🔴 Critical Risk
7728,0.03831926,3.83,🟢 Safe
8668,3.629487e-05,0.0,🟢 Safe
6616,0.00013217086,0.01,🟢 Safe
9192,0.00038620367,0.04,🟢 Safe
6766,5.940995e-05,0.01,🟢 Safe
9446,0.00047217772,0.05,🟢 Safe
3080,2.963095e-05,0.0,🟢 Safe
1290,0.0002785433,0.03,🟢 Safe
3005,4.7157682e-05,0.0,🟢 Safe
6695,0.0002469504,0.02,🟢 Safe
668,9.047275e-05,0.01,🟢 Safe
7565,5.7295783e-05,0.01,🟢 Safe
5858,0.00016358742,0.02,🟢 Safe
2306,0.00012427263,0.01,🟢 Safe
556,0.0048350855,0.48,🟢 Safe
8520,5.7366637e-05,0.01,🟢 Safe
1403,0.0046064355,0.46,🟢 Safe
759,9.2415576e-05,0.01,🟢 Safe
7121,4.169873e-05,0.0,🟢 Safe
9545,6.011044e-05,0.01,🟢 Safe
3930,0.00046104367,0.05,🟢 Safe
8489,0.0019552193,0.2,🟢 Safe
2832,0.025582045,2.56,🟢 Safe
8715,8.8935536e-05,0.01,🟢 Safe
439,0.00011784995,0.01,🟢 Safe
1891,0.00012451378,0.01,🟢 Safe
1522,0.052657343,5.27,🟢 Safe
5486,0.94475347,94.48,🔴 Critical Risk
9090,0.00017397724,0.02,🟢 Safe
796,0.0010850922,0.11,🟢 Safe
4525,0.0046807695,0.47,🟢 Safe
6202,3.0375319e-05,0.0,🟢 Safe
7119,6.233482e-05,0.01,🟢 Safe
8494,6.809539e-05,0.01,🟢 Safe
162,3.4295917e-05,0.0,🟢 Safe
2134,0.0062600463,0.63,🟢 Safe
7730,4.8647875e-05,0.0,🟢 Safe
2973,0.00019683076,0.02,🟢 Safe
6981,5.3139094e-05,0.01,🟢 Safe
9274,6.226376e-05,0.01,🟢 Safe
4445,4.1078794e-05,0.0,🟢 Safe
5616,0.00014106254,0.01,🟢 Safe
7746,3.229054e-05,0.0,🟢 Safe
8160,2.8979315e-05,0.0,🟢 Safe
2635,3.9571965e-05,0.0,🟢 Safe
9948,2.7164364e-05,0.0,🟢 Safe
3111,0.00014286672,0.01,🟢 Safe
6950,0.9990257,99.9,🔴 Critical Risk
947,0.0061721676,0.62,🟢 Safe
976,4.0923802e-05,0.0,🟢 Safe
2374,0.2732434,27.32,🔵 Low Risk
9855,0.0011547304,0.12,🟢 Safe
3027,3.2274624e-05,0.0,🟢 Safe
6239,4.3375425e-05,0.0,🟢 Safe
5316,2.8254788e-05,0.0,🟢 Safe
119,0.9996879,99.97,🔴 Critical Risk
2015,0.0001939086,0.02,🟢 Safe
4947,6.0324925e-05,0.01,🟢 Safe
2302,0.99905604,99.91,🔴 Critical Risk
7580,0.0014351857,0.14,🟢 Safe
2483,0.00064110715,0.06,🟢 Safe
8381,2.8045582e-05,0.0,🟢 Safe
3750,0.010364958,1.04,🟢 Safe
4152,0.99981433,99.98,🔴 Critical Risk
6927,0.0001181363,0.01,🟢 Safe
6174,0.022336882,2.23,🟢 Safe
2109,0.0010018775,0.1,🟢 Safe
5609,0.00045050407,0.05,🟢 Safe
7108,9.263624e-05,0.01,🟢 Safe
1129,6.6001965e-05,0.01,🟢 Safe
3981,4.0369665e-05,0.0,🟢 Safe
1459,0.001569531,0.16,🟢 Safe
2,7.159016e-05,0.01,🟢 Safe
4652,6.284927e-05,0.01,🟢 Safe
6537,6.0503004e-05,0.01,🟢 Safe
7223,0.00028366287,0.03,🟢 Safe
1762,0.01240988,1.24,🟢 Safe
3100,3.8265658e-05,0.0,🟢 Safe
8271,2.0370215e-05,0.0,🟢 Safe
6641,0.0006834519,0.07,🟢 Safe
8404,7.122239e-05,0.01,🟢 Safe
8897,0.95871824,95.87,🔴 Critical Risk
8362,0.00072038616,0.07,🟢 Safe
7482,0.71398914,71.4,🟠 High Risk
2423,0.0010767161,0.11,🟢 Safe
5632,2.2635691e-05,0.0,🟢 Safe
6233,0.84817195,84.82,🔴 Critical Risk
2502,2.8611104e-05,0.0,🟢 Safe
6059,1.4056494e-05,0.0,🟢 Safe
6700,0.00016454875,0.02,🟢 Safe
3978,0.022214632,2.22,🟢 Safe
917,6.974914e-05,0.01,🟢 Safe
883,0.47819912,47.82,🟡 Moderate Risk
2099,0.000117172596,0.01,🟢 Safe
3324,1.2892905e-05,0.0,🟢 Safe
1390,9.4593415e-05,0.01,🟢 Safe
2339,0.6344848,63.45,🟠 High Risk
3702,0.00021700311,0.02,🟢 Safe
3185,0.05178752,5.18,🟢 Safe
7723,0.00011091769,0.01,🟢 Safe
8115,0.00039773263,0.04,🟢 Safe
8311,2.634799e-05,0.0,🟢 Safe
6811,0.00018537787,0.02,🟢 Safe
2707,0.0009485156,0.09,🟢 Safe
8964,0.73712814,73.71,🟠 High Risk
2276,0.0004244557,0.04,🟢 Safe
9144,0.00010878907,0.01,🟢 Safe
4363,0.0005673273,0.06,🟢 Safe
986,9.035075e-05,0.01,🟢 Safe
4649,9.569776e-05,0.01,🟢 Safe
5848,0.0001262105,0.01,🟢 Safe
9085,0.00082531694,0.08,🟢 Safe
4769,3.5705794e-05,0.0,🟢 Safe
275,0.0035823085,0.36,🟢 Safe
5570,0.04471696,4.47,🟢 Safe
3811,0.111074634,11.11,🟢 Safe
5972,9.355264e-05,0.01,🟢 Safe
4162,0.0018851911,0.19,🟢 Safe
5842,3.422003e-05,0.0,🟢 Safe
9271,6.7661575e-05,0.01,🟢 Safe
3557,6.295256e-05,0.01,🟢 Safe
6802,3.1209827e-05,0.0,🟢 Safe
945,2.4062601e-05,0.0,🟢 Safe
6392,0.9944401,99.44,🔴 Critical Risk
8822,0.006602401,0.66,🟢 Safe
4439,0.99996936,100.0,🔴 Critical Risk
2213,0.020999052,2.1,🟢 Safe
4425,0.0067217057,0.67,🟢 Safe
2829,0.000540431,0.05,🟢 Safe
9724,0.99960417,99.96,🔴 Critical Risk
7337,0.00010736932,0.01,🟢 Safe
8008,0.001730993,0.17,🟢 Safe
4053,7.3702446e-05,0.01,🟢 Safe
368,5.513752e-05,0.01,🟢 Safe
4599,0.99962103,99.96,🔴 Critical Risk
184,4.3441447e-05,0.0,🟢 Safe
897,0.00010696852,0.01,🟢 Safe
3954,0.0039399276,0.39,🟢 Safe
6428,8.360384e-05,0.01,🟢 Safe
9359,2.666164e-05,0.0,🟢 Safe
1049,9.287702e-05,0.01,🟢 Safe
1018,0.0001320644,0.01,🟢 Safe
5572,6.089156e-05,0.01,🟢 Safe
2773,0.0001066715,0.01,🟢 Safe
8395,5.2927393e-05,0.01,🟢 Safe
4453,5.2125557e-05,0.01,🟢 Safe
788,0.20173313,20.17,🔵 Low Risk
7063,0.9941549,99.42,🔴 Critical Risk
4265,4.5110624e-05,0.0,🟢 Safe
7704,0.8874692,88.75,🔴 Critical Risk
1038,6.151524e-05,0.01,🟢 Safe
6666,6.405866e-05,0.01,🟢 Safe
4873,2.019006e-05,0.0,🟢 Safe
8342,0.00064735045,0.06,🟢 Safe
2010,2.6350705e-05,0.0,🟢 Safe
5460,9.249625e-05,0.01,🟢 Safe
630,0.0001463901,0.01,🟢 Safe
250,3.7089383e-05,0.0,🟢 Safe
9950,4.936626e-05,0.0,🟢 Safe
356,0.0008212344,0.08,🟢 Safe
1183,0.0002852823,0.03,🟢 Safe
2599,0.00017246825,0.02,🟢 Safe
5442,0.027227305,2.72,🟢 Safe
147,4.6770056e-05,0.0,🟢 Safe
7261,6.9823676e-05,0.01,🟢 Safe
7267,3.4913108e-05,0.0,🟢 Safe
882,5.8160225e-05,0.01,🟢 Safe
4332,0.00020528818,0.02,🟢 Safe
3172,0.0013002588,0.13,🟢 Safe
2252,0.9986827,99.87,🔴 Critical Risk
5418,6.5032444e-05,0.01,🟢 Safe
7865,5.6688437e-05,0.01,🟢 Safe
7468,0.00018495608,0.02,🟢 Safe
782,0.0010596274,0.11,🟢 Safe
5222,0.00085717463,0.09,🟢 Safe
7809,0.0001343056,0.01,🟢 Safe
2495,6.0607057e-05,0.01,🟢 Safe
9643,0.9937402,99.37,🔴 Critical Risk
3961,8.318934e-05,0.01,🟢 Safe
9224,4.1468767e-05,0.0,🟢 Safe
3007,0.00011354133,0.01,🟢 Safe
8824,9.929636e-05,0.01,🟢 Safe
9481,0.00067722943,0.07,🟢 Safe
7167,9.987679e-05,0.01,🟢 Safe
577,0.00010037853,0.01,🟢 Safe
4494,0.99821365,99.82,🔴 Critical Risk
6396,0.9699308,96.99,🔴 Critical Risk
8435,0.019383423,1.94,🟢 Safe
3352,8.94698e-05,0.01,🟢 Safe
5326,9.751314e-05,0.01,🟢 Safe
3915,0.7925475,79.25,🟠 High Risk
2435,0.0004953114,0.05,🟢 Safe
8812,0.00020397062,0.02,🟢 Safe
1075,0.00020177301,0.02,🟢 Safe
9944,1.7187294e-05,0.0,🟢 Safe
9045,0.00018345892,0.02,🟢 Safe
1031,0.9991685,99.92,🔴 Critical Risk
2715,0.9748913,97.49,🔴 Critical Risk
8487,0.00022525951,0.02,🟢 Safe
2988,4.973896e-05,0.0,🟢 Safe
1795,9.5442665e-05,0.01,🟢 Safe
6400,9.916683e-05,0.01,🟢 Safe
7815,0.00013207963,0.01,🟢 Safe
3995,7.402978e-05,0.01,🟢 Safe
7647,0.0004998244,0.05,🟢 Safe
4703,0.57681084,57.68,🟡 Moderate Risk
1832,0.0007046379,0.07,🟢 Safe
9317,4.4222117e-05,0.0,🟢 Safe
1101,0.00036507056,0.04,🟢 Safe
5385,0.0018678096,0.19,🟢 Safe
9121,0.9956108,99.56,🔴 Critical Risk
9602,0.43494678,43.49,🟡 Moderate Risk
7771,0.13049391,13.05,🟢 Safe
6002,3.475568e-05,0.0,🟢 Safe
3026,4.2355325e-05,0.0,🟢 Safe
8111,5.706083e-05,0.01,🟢 Safe
9062,0.00013010885,0.01,🟢 Safe
4136,3.651261e-05,0.0,🟢 Safe
7450,6.181349e-05,0.01,🟢 Safe
1260,0.99866784,99.87,🔴 Critical Risk
6360,3.8343172e-05,0.0,🟢 Safe
6381,6.30119e-05,0.01,🟢 Safe
2278,2.595681e-05,0.0,🟢 Safe
3447,0.034606427,3.46,🟢 Safe
9751,0.99932635,99.93,🔴 Critical Risk
7339,0.21638115,21.64,🔵 Low Risk
2996,2.7313024e-05,0.0,🟢 Safe
5274,5.9339174e-05,0.01,🟢 Safe
3006,0.008919654,0.89,🟢 Safe
5378,2.9570765e-05,0.0,🟢 Safe
4581,4.8642352e-05,0.0,🟢 Safe
3763,0.0003850932,0.04,🟢 Safe
8856,0.00035208248,0.04,🟢 Safe
9411,2.1643087e-05,0.0,🟢 Safe
4659,0.33407015,33.41,🔵 Low Risk
2914,4.517455e-05,0.0,🟢 Safe
4064,0.018514728,1.85,🟢 Safe
8689,0.9990721,99.91,🔴 Critical Risk
5777,0.00012496697,0.01,🟢 Safe
3819,0.0007902285,0.08,🟢 Safe
1442,5.2088442e-05,0.01,🟢 Safe
6338,8.850313e-05,0.01,🟢 Safe
7979,0.07928595,7.93,🟢 Safe
5856,0.00042091374,0.04,🟢 Safe
7442,0.00015112376,0.02,🟢 Safe
3523,3.093396e-05,0.0,🟢 Safe
8344,1.6544183e-05,0.0,🟢 Safe
3634,3.7154306e-05,0.0,🟢 Safe
8915,0.92497635,92.5,🔴 Critical Risk
9509,3.3817785e-05,0.0,🟢 Safe
9655,0.00010273644,0.01,🟢 Safe
2866,0.000108007116,0.01,🟢 Safe
1770,0.00013834877,0.01,🟢 Safe
4303,0.03296986,3.3,🟢 Safe
7998,6.6177105e-05,0.01,🟢 Safe
5542,5.534038e-05,0.01,🟢 Safe
985,3.9592047e-05,0.0,🟢 Safe
4182,0.0002796164,0.03,🟢 Safe
1840,0.005635778,0.56,🟢 Safe
8673,3.3262215e-05,0.0,🟢 Safe
7934,0.0010648085,0.11,🟢 Safe
2292,0.0015388951,0.15,🟢 Safe
8504,3.3864937e-05,0.0,🟢 Safe
1532,0.99984896,99.98,🔴 Critical Risk
4025,0.0005231615,0.05,🟢 Safe
5007,1.7830542e-05,0.0,🟢 Safe
2876,0.00038967538,0.04,🟢 Safe
3534,0.00012420285,0.01,🟢 Safe
3392,0.0001967103,0.02,🟢 Safe
8201,3.430462e-05,0.0,🟢 Safe
2433,0.00012688104,0.01,🟢 Safe
1184,2.952982e-05,0.0,🟢 Safe
6187,4.5241548e-05,0.0,🟢 Safe
5394,0.97016966,97.02,🔴 Critical Risk
7807,4.4548586e-05,0.0,🟢 Safe
7941,0.9979473,99.79,🔴 Critical Risk
5032,0.00010418879,0.01,🟢 Safe
2505,5.0516508e-05,0.01,🟢 Safe
9309,0.9846519,98.47,🔴 Critical Risk
2288,0.00043748156,0.04,🟢 Safe
7705,0.0002239681,0.02,🟢 Safe
7437,8.1668244e-05,0.01,🟢 Safe
7578,0.00017316725,0.02,🟢 Safe
6836,4.3524717e-05,0.0,🟢 Safe
8638,0.00014043324,0.01,🟢 Safe
2808,2.1862712e-05,0.0,🟢 Safe
3488,3.11155e-05,0.0,🟢 Safe
7798,6.321364e-05,0.01,🟢 Safe
4343,0.0003336692,0.03,🟢 Safe
5585,3.465444e-05,0.0,🟢 Safe
916,0.00062018225,0.06,🟢 Safe
5371,3.497459e-05,0.0,🟢 Safe
665,8.5246866e-05,0.01,🟢 Safe
2207,1.8703722e-05,0.0,🟢 Safe
63,2.0005204e-05,0.0,🟢 Safe
1708,0.00010834504,0.01,🟢 Safe
7168,4.7319987e-05,0.0,🟢 Safe
564,2.5949508e-05,0.0,🟢 Safe
8138,0.00043511947,0.04,🟢 Safe
4598,0.007599858,0.76,🟢 Safe
676,0.15560438,15.56,🟢 Safe
4944,0.00013633515,0.01,🟢 Safe
9243,0.39390007,39.39,🔵 Low Risk
6198,2.9941846e-05,0.0,🟢 Safe
8827,0.0166962,1.67,🟢 Safe
3872,6.906359e-05,0.01,🟢 Safe
5513,0.00021192132,0.02,🟢 Safe
383,0.0029255743,0.29,🟢 Safe
2261,3.2979686e-05,0.0,🟢 Safe
8963,8.566392e-05,0.01,🟢 Safe
3752,0.00034741618,0.03,🟢 Safe
1344,0.0048955954,0.49,🟢 Safe
806,2.1794702e-05,0.0,🟢 Safe
2137,6.2601335e-05,0.01,🟢 Safe
1559,8.635427e-05,0.01,🟢 Safe
6434,0.000121314595,0.01,🟢 Safe
6316,0.00015634614,0.02,🟢 Safe
7128,9.196757e-05,0.01,🟢 Safe
6039,0.00073662156,0.07,🟢 Safe
5866,0.000137037,0.01,🟢 Safe
3376,0.008023364,0.8,🟢 Safe
6414,6.003093e-05,0.01,🟢 Safe
5167,2.6605001e-05,0.0,🟢 Safe
9924,0.9997545,99.98,🔴 Critical Risk
1933,0.99718744,99.72,🔴 Critical Risk
6195,0.00069009676,0.07,🟢 Safe
2689,0.0024505684,0.25,🟢 Safe
7592,0.019002741,1.9,🟢 Safe
1905,4.6941594e-05,0.0,🟢 Safe
1457,9.592169e-05,0.01,🟢 Safe
5744,0.9996449,99.96,🔴 Critical Risk
5635,3.6942783e-05,0.0,🟢 Safe
2253,0.9914575,99.15,🔴 Critical Risk
7075,0.00034385207,0.03,🟢 Safe
4823,0.00063351897,0.06,🟢 Safe
2919,0.0026906878,0.27,🟢 Safe
5794,4.5273573e-05,0.0,🟢 Safe
7999,0.9994783,99.95,🔴 Critical Risk
8094,0.00045519983,0.05,🟢 Safe
4092,3.9919076e-05,0.0,🟢 Safe
4502,7.420435e-05,0.01,🟢 Safe
4805,5.880083e-05,0.01,🟢 Safe
4854,0.00048958126,0.05,🟢 Safe
408,0.010987881,1.1,🟢 Safe
4553,4.599426e-05,0.0,🟢 Safe
3041,0.0027156803,0.27,🟢 Safe
5430,0.013067236,1.31,🟢 Safe
6164,0.0017226647,0.17,🟢 Safe
4718,0.73364425,73.36,🟠 High Risk
9959,5.349077e-05,0.01,🟢 Safe
5868,8.914279e-05,0.01,🟢 Safe
3666,7.3434734e-05,0.01,🟢 Safe
7044,4.7437552e-05,0.0,🟢 Safe
9068,0.89354545,89.35,🔴 Critical Risk
3013,0.008540154,0.85,🟢 Safe
3043,6.230457e-05,0.01,🟢 Safe
1193,0.0002950221,0.03,🟢 Safe
8569,0.0001138196,0.01,🟢 Safe
1665,0.98660976,98.66,🔴 Critical Risk
2439,7.362482e-05,0.01,🟢 Safe
835,0.4112732,41.13,🟡 Moderate Risk
2256,6.98747e-05,0.01,🟢 Safe
3336,4.0004787e-05,0.0,🟢 Safe
6169,8.133095e-05,0.01,🟢 Safe
9895,7.829822e-05,0.01,🟢 Safe
2677,7.554126e-05,0.01,🟢 Safe
649,2.858672e-05,0.0,🟢 Safe
1102,3.1292948e-05,0.0,🟢 Safe
3032,0.00014053893,0.01,🟢 Safe
8544,7.012248e-05,0.01,🟢 Safe
9268,8.192503e-05,0.01,🟢 Safe
4373,0.00019486256,0.02,🟢 Safe
3943,4.808265e-05,0.0,🟢 Safe
2437,0.2567701,25.68,🔵 Low Risk
453,6.822734e-05,0.01,🟢 Safe
9997,0.00010043013,0.01,🟢 Safe
7178,0.00066765066,0.07,🟢 Safe
3001,9.328441e-05,0.01,🟢 Safe
5793,0.00015382165,0.02,🟢 Safe
8521,1.8919302e-05,0.0,🟢 Safe
3070,0.9067472,90.67,🔴 Critical Risk
9883,0.0004904928,0.05,🟢 Safe
1500,0.00013054293,0.01,🟢 Safe
4397,7.6923665e-05,0.01,🟢 Safe
1020,2.4861429e-05,0.0,🟢 Safe
2779,0.00011689036,0.01,🟢 Safe
8116,9.5678595e-05,0.01,🟢 Safe
6750,0.0010041144,0.1,🟢 Safe
9015,2.1268714e-05,0.0,🟢 Safe
4715,0.0002690599,0.03,🟢 Safe
3250,0.00075391197,0.08,🟢 Safe
4780,2.761948e-05,0.0,🟢 Safe
3880,4.2619253e-05,0.0,🟢 Safe
6988,0.9999752,100.0,🔴 Critical Risk
4147,7.007455e-05,0.01,🟢 Safe
6691,3.3301254e-05,0.0,🟢 Safe
4380,3.919863e-05,0.0,🟢 Safe
9709,7.0268004e-05,0.01,🟢 Safe
6634,0.00030013724,0.03,🟢 Safe
6393,2.2869877e-05,0.0,🟢 Safe
7345,0.00012579239,0.01,🟢 Safe
331,0.00015590443,0.02,🟢 Safe
2427,2.4403376e-05,0.0,🟢 Safe
3215,7.645957e-05,0.01,🟢 Safe
7710,4.027453e-05,0.0,🟢 Safe
3804,6.0584698e-05,0.01,🟢 Safe
2680,7.1620685e-05,0.01,🟢 Safe
7093,0.00017227743,0.02,🟢 Safe
2101,0.9995763,99.96,🔴 Critical Risk
9078,4.0457457e-05,0.0,🟢 Safe
1997,2.0148822e-05,0.0,🟢 Safe
7078,9.83842e-05,0.01,🟢 Safe
6682,0.00010034876,0.01,🟢 Safe
2008,0.00035881068,0.04,🟢 Safe
815,0.9977209,99.77,🔴 Critical Risk
7799,5.830094e-05,0.01,🟢 Safe
3902,3.2748456e-05,0.0,🟢 Safe
539,0.0002671808,0.03,🟢 Safe
5501,0.00016876536,0.02,🟢 Safe
8514,6.376405e-05,0.01,🟢 Safe
797,0.00010383599,0.01,🟢 Safe
407,0.0019359741,0.19,🟢 Safe
6772,3.1342257e-05,0.0,🟢 Safe
6854,3.812619e-05,0.0,🟢 Safe
6608,0.49212205,49.21,🟡 Moderate Risk
6729,5.1476516e-05,0.01,🟢 Safe
3136,0.00027402822,0.03,🟢 Safe
1357,4.9401962e-05,0.0,🟢 Safe
5393,0.00015222393,0.02,🟢 Safe
5345,0.00037079075,0.04,🟢 Safe
1058,0.0003536774,0.04,🟢 Safe
1728,0.0020149318,0.2,🟢 Safe
2636,5.5867447e-05,0.01,🟢 Safe
6922,0.0002616342,0.03,🟢 Safe
5690,0.0034990348,0.35,🟢 Safe
3232,0.00031309217,0.03,🟢 Safe
6747,0.36809286,36.81,🔵 Low Risk
5045,0.018424343,1.84,🟢 Safe
9363,2.8021497e-05,0.0,🟢 Safe
6030,0.012151984,1.22,🟢 Safe
2729,0.08537376,8.54,🟢 Safe
2084,0.71878886,71.88,🟠 High Risk
3206,0.1656422,16.56,🟢 Safe
1990,0.0007452701,0.07,🟢 Safe
4015,2.5806128e-05,0.0,🟢 Safe
6275,0.0003728283,0.04,🟢 Safe
3168,0.999401,99.94,🔴 Critical Risk
8281,0.0018143213,0.18,🟢 Safe
4264,0.00029695086,0.03,🟢 Safe
5703,4.365803e-05,0.0,🟢 Safe
9073,9.959146e-05,0.01,🟢 Safe
6862,5.4698703e-05,0.01,🟢 Safe
5466,0.0923562,9.24,🟢 Safe
8136,4.79811e-05,0.0,🟢 Safe
5762,0.00022115496,0.02,🟢 Safe
4020,2.6976839e-05,0.0,🟢 Safe
481,0.23302872,23.3,🔵 Low Risk
5366,3.7465452e-05,0.0,🟢 Safe
8003,0.9833229,98.33,🔴 Critical Risk
6128,2.9916304e-05,0.0,🟢 Safe
1966,7.169708e-05,0.01,🟢 Safe
5307,0.002570632,0.26,🟢 Safe
3841,0.00018111666,0.02,🟢 Safe
9714,0.033388246,3.34,🟢 Safe
5647,9.3114846e-05,0.01,🟢 Safe
5479,5.4055137e-05,0.01,🟢 Safe
1159,2.9019002e-05,0.0,🟢 Safe
7813,0.029470336,2.95,🟢 Safe
7590,0.99951494,99.95,🔴 Critical Risk
7997,0.8908516,89.09,🔴 Critical Risk
6812,4.1652907e-05,0.0,🟢 Safe
6276,7.088361e-05,0.01,🟢 Safe
2074,3.696033e-05,0.0,🟢 Safe
4288,0.013417678,1.34,🟢 Safe
5311,4.07444e-05,0.0,🟢 Safe
9550,4.0596628e-05,0.0,🟢 Safe
3885,0.00071765145,0.07,🟢 Safe
7210,2.9766583e-05,0.0,🟢 Safe
2493,5.782923e-05,0.01,🟢 Safe
5864,0.00021198459,0.02,🟢 Safe
9718,0.1563321,15.63,🟢 Safe
5017,2.9075314e-05,0.0,🟢 Safe
3035,3.1570573e-05,0.0,🟢 Safe
8653,7.5581396e-05,0.01,🟢 Safe
4274,3.838876e-05,0.0,🟢 Safe
2063,0.0026367754,0.26,🟢 Safe
8067,0.00073190534,0.07,🟢 Safe
984,0.00045720782,0.05,🟢 Safe
387,6.1941246e-05,0.01,🟢 Safe
1145,0.0002358847,0.02,🟢 Safe
7853,8.077415e-05,0.01,🟢 Safe
628,0.15420727,15.42,🟢 Safe
1822,0.999845,99.98,🔴 Critical Risk
3982,5.3156935e-05,0.01,🟢 Safe
7762,0.0004804861,0.05,🟢 Safe
6261,2.2952863e-05,0.0,🟢 Safe
2456,9.142684e-05,0.01,🟢 Safe
3682,0.00034133508,0.03,🟢 Safe
809,6.485971e-05,0.01,🟢 Safe
2202,2.459071e-05,0.0,🟢 Safe
5892,0.00070993695,0.07,🟢 Safe
6570,0.00011757607,0.01,🟢 Safe
7636,6.267331e-05,0.01,🟢 Safe
8787,0.8345431,83.45,🔴 Critical Risk
2046,0.991012,99.1,🔴 Critical Risk
5589,0.000605703,0.06,🟢 Safe
2650,0.0051483545,0.51,🟢 Safe
6612,0.00019623971,0.02,🟢 Safe
7734,5.581057e-05,0.01,🟢 Safe
2293,4.6022953e-05,0.0,🟢 Safe
8196,0.0005737831,0.06,🟢 Safe
6526,4.8084206e-05,0.0,🟢 Safe
1347,0.031663775,3.17,🟢 Safe
8791,0.00025531318,0.03,🟢 Safe
8527,0.00085100427,0.09,🟢 Safe
259,0.002614594,0.26,🟢 Safe
491,3.3373646e-05,0.0,🟢 Safe
7110,0.07915796,7.92,🟢 Safe
4542,0.0041298615,0.41,🟢 Safe
8959,0.00091568317,0.09,🟢 Safe
2290,2.4405563e-05,0.0,🟢 Safe
603,0.012845807,1.28,🟢 Safe
4548,6.8359936e-05,0.01,🟢 Safe
4558,0.73589575,73.59,🟠 High Risk
6921,2.374241e-05,0.0,🟢 Safe
9651,0.0002191606,0.02,🟢 Safe
57,7.527498e-05,0.01,🟢 Safe
3687,0.00018300083,0.02,🟢 Safe
3985,1.2276683e-05,0.0,🟢 Safe
9254,0.0007912695,0.08,🟢 Safe
2208,0.0047916025,0.48,🟢 Safe
281,6.0029386e-05,0.01,🟢 Safe
6527,0.00019391598,0.02,🟢 Safe
1138,0.00037621497,0.04,🟢 Safe
4910,0.0008508494,0.09,🟢 Safe
1861,7.268515e-05,0.01,🟢 Safe
4898,0.008042677,0.8,🟢 Safe
1809,5.1116287e-05,0.01,🟢 Safe
1478,0.0010065569,0.1,🟢 Safe
9347,0.99974746,99.97,🔴 Critical Risk
6353,0.94787914,94.79,🔴 Critical Risk
773,0.8388926,83.89,🔴 Critical Risk
3040,4.354477e-05,0.0,🟢 Safe
2581,0.1639035,16.39,🟢 Safe
5799,3.5003555e-05,0.0,🟢 Safe
3934,0.0004526659,0.05,🟢 Safe
1189,0.0011241998,0.11,🟢 Safe
9367,0.0007464962,0.07,🟢 Safe
9982,0.00023318898,0.02,🟢 Safe
3818,0.00010206736,0.01,🟢 Safe
8108,5.2263484e-05,0.01,🟢 Safe
1283,3.285556e-05,0.0,🟢 Safe
951,3.3098564e-05,0.0,🟢 Safe
9287,0.9933356,99.33,🔴 Critical Risk
5126,0.98401225,98.4,🔴 Critical Risk
4742,8.009389e-05,0.01,🟢 Safe
2391,0.03990025,3.99,🟢 Safe
8634,2.842538e-05,0.0,🟢 Safe
3408,0.00011802945,0.01,🟢 Safe
8090,5.9378628e-05,0.01,🟢 Safe
9296,8.5047934e-05,0.01,🟢 Safe
5674,0.8841401,88.41,🔴 Critical Risk
4878,4.101225e-05,0.0,🟢 Safe
5517,0.36153954,36.15,🔵 Low Risk
8698,0.00074100465,0.07,🟢 Safe
9350,8.5986954e-05,0.01,🟢 Safe
4217,0.00010366533,0.01,🟢 Safe
2224,0.00012610812,0.01,🟢 Safe
4975,5.895641e-05,0.01,🟢 Safe
4977,0.0001302095,0.01,🟢 Safe
3970,0.013662309,1.37,🟢 Safe
4585,0.0009288524,0.09,🟢 Safe
9226,4.006109e-05,0.0,🟢 Safe
7398,2.9553994e-05,0.0,🟢 Safe
5323,0.0002916046,0.03,🟢 Safe
7547,0.002950205,0.3,🟢 Safe
7197,0.0003529658,0.04,🟢 Safe
8317,0.0005432651,0.05,🟢 Safe
3580,2.5963667e-05,0.0,🟢 Safe
5175,0.00018781371,0.02,🟢 Safe
5975,2.16145e-05,0.0,🟢 Safe
8906,0.0076666656,0.77,🟢 Safe
3182,9.730562e-05,0.01,🟢 Safe
7003,7.861454e-05,0.01,🟢 Safe
3660,0.00016721051,0.02,🟢 Safe
2825,1.7973542e-05,0.0,🟢 Safe
4140,0.00030954805,0.03,🟢 Safe
6831,0.092505604,9.25,🟢 Safe
9419,0.00085276813,0.09,🟢 Safe
4180,5.531843e-05,0.01,🟢 Safe
7070,0.9991984,99.92,🔴 Critical Risk
224,0.00023449642,0.02,🟢 Safe
7905,0.7295526,72.96,🟠 High Risk
9285,6.184297e-05,0.01,🟢 Safe
9852,0.00011042348,0.01,🟢 Safe
4322,0.98249876,98.25,🔴 Critical Risk
1319,0.00012448303,0.01,🟢 Safe
1888,0.00020401027,0.02,🟢 Safe
3964,0.0075889435,0.76,🟢 Safe
6660,0.14095548,14.1,🟢 Safe
5782,3.0822415e-05,0.0,🟢 Safe
8322,0.0002769555,0.03,🟢 Safe
941,3.7542923e-05,0.0,🟢 Safe
3714,0.00016640396,0.02,🟢 Safe
5969,5.619965e-05,0.01,🟢 Safe
2843,4.044762e-05,0.0,🟢 Safe
9005,2.2473147e-05,0.0,🟢 Safe
4982,0.0041534677,0.42,🟢 Safe
6513,0.0012355684,0.12,🟢 Safe
3881,0.0008850709,0.09,🟢 Safe
2474,0.945052,94.51,🔴 Critical Risk
1959,0.38203755,38.2,🔵 Low Risk
6845,0.9997501,99.98,🔴 Critical Risk
1748,0.0001491189,0.01,🟢 Safe
7876,0.000103021135,0.01,🟢 Safe
5664,2.2334933e-05,0.0,🟢 Safe
881,0.0003830947,0.04,🟢 Safe
7059,0.00010666264,0.01,🟢 Safe
2683,0.000317153,0.03,🟢 Safe
3230,2.1383581e-05,0.0,🟢 Safe
8390,0.95903486,95.9,🔴 Critical Risk
8048,3.886708e-05,0.0,🟢 Safe
3307,0.980395,98.04,🔴 Critical Risk
2595,4.212407e-05,0.0,🟢 Safe
8872,0.00010143117,0.01,🟢 Safe
7963,0.9665663,96.66,🔴 Critical Risk
5464,0.9995461,99.95,🔴 Critical Risk
6070,0.00026310483,0.03,🟢 Safe
1053,0.6855974,68.56,🟠 High Risk
8968,0.007462007,0.75,🟢 Safe
9802,9.449694e-05,0.01,🟢 Safe
6228,0.0007608747,0.08,🟢 Safe
37,0.001348402,0.13,🟢 Safe
5277,3.692732e-05,0.0,🟢 Safe
7203,3.4252414e-05,0.0,🟢 Safe
6517,0.036315296,3.63,🟢 Safe
2768,0.001050036,0.11,🟢 Safe
8012,7.919874e-05,0.01,🟢 Safe
5767,6.468824e-05,0.01,🟢 Safe
5658,0.0001330134,0.01,🟢 Safe
1059,0.00066757976,0.07,🟢 Safe
1324,0.9995497,99.95,🔴 Critical Risk
7362,0.00020336006,0.02,🟢 Safe
7920,0.0017705339,0.18,🟢 Safe
6904,0.0002531665,0.03,🟢 Safe
4675,5.9003156e-05,0.01,🟢 Safe
1095,0.00031266472,0.03,🟢 Safe
5233,0.0027054392,0.27,🟢 Safe
4261,0.00045977067,0.05,🟢 Safe
9023,0.9371922,93.72,🔴 Critical Risk
728,0.00014349462,0.01,🟢 Safe
1842,4.738375e-05,0.0,🟢 Safe
58,4.7555637e-05,0.0,🟢 Safe
1208,0.007107918,0.71,🟢 Safe
3781,3.3751672e-05,0.0,🟢 Safe
3513,0.0008343143,0.08,🟢 Safe
2386,0.0001589072,0.02,🟢 Safe
8776,0.00067618076,0.07,🟢 Safe
6146,0.0008572877,0.09,🟢 Safe
9388,3.451799e-05,0.0,🟢 Safe
2756,0.00011808934,0.01,🟢 Safe
4169,5.53426e-05,0.01,🟢 Safe
21,0.00013602675,0.01,🟢 Safe
4589,0.00012712071,0.01,🟢 Safe
6829,0.9987723,99.88,🔴 Critical Risk
4643,6.630875e-05,0.01,🟢 Safe
5374,0.004069867,0.41,🟢 Safe
2822,0.024770327,2.48,🟢 Safe
735,0.00015470613,0.02,🟢 Safe
1829,6.9111025e-05,0.01,🟢 Safe
7322,0.061281342,6.13,🟢 Safe
3746,0.0020786754,0.21,🟢 Safe
6932,0.000110095454,0.01,🟢 Safe
48,0.00051205093,0.05,🟢 Safe
4313,0.002361371,0.24,🟢 Safe
6104,0.004028619,0.4,🟢 Safe
9307,0.00020918145,0.02,🟢 Safe
8306,0.9966343,99.66,🔴 Critical Risk
6985,0.00026601512,0.03,🟢 Safe
768,4.1157607e-05,0.0,🟢 Safe
2700,0.24389374,24.39,🔵 Low Risk
9218,7.5573684e-05,0.01,🟢 Safe
3727,2.9046494e-05,0.0,🟢 Safe
4493,8.197668e-05,0.01,🟢 Safe
2589,0.00010861772,0.01,🟢 Safe
3792,0.027991753,2.8,🟢 Safe
8928,0.00013108966,0.01,🟢 Safe
8177,0.00012163952,0.01,🟢 Safe
4685,3.9072595e-05,0.0,🟢 Safe
7654,0.00046149455,0.05,🟢 Safe
7975,0.00043183027,0.04,🟢 Safe
8119,7.570128e-05,0.01,🟢 Safe
4158,0.00020046979,0.02,🟢 Safe
4976,0.0009383355,0.09,🟢 Safe
4733,0.00013854653,0.01,🟢 Safe
1965,0.00052971597,0.05,🟢 Safe
5862,3.899963e-05,0.0,🟢 Safe
6652,0.0004451068,0.04,🟢 Safe
3251,6.652111e-05,0.01,🟢 Safe
1487,0.00026320395,0.03,🟢 Safe
7520,0.07671374,7.67,🟢 Safe
9645,0.00013601831,0.01,🟢 Safe
8740,5.279829e-05,0.01,🟢 Safe
641,0.23491359,23.49,🔵 Low Risk
4250,6.741548e-05,0.01,🟢 Safe
4611,0.89571255,89.57,🔴 Critical Risk
5299,0.00012602133,0.01,🟢 Safe
3748,0.002730633,0.27,🟢 Safe
5495,0.9921887,99.22,🔴 Critical Risk
5631,8.525475e-05,0.01,🟢 Safe
1735,4.098711e-05,0.0,🟢 Safe
1467,0.00020702997,0.02,🟢 Safe
3437,0.00021862611,0.02,🟢 Safe
4179,9.45302e-05,0.01,🟢 Safe
3213,0.00013115918,0.01,🟢 Safe
4084,0.9995449,99.95,🔴 Critical Risk
5608,0.9996302,99.96,🔴 Critical Risk
9498,0.020884207,2.09,🟢 Safe
5184,5.3662232e-05,0.01,🟢 Safe
3734,0.0053810854,0.54,🟢 Safe
3300,2.8850074e-05,0.0,🟢 Safe
7892,0.0010166275,0.1,🟢 Safe
6622,5.0537514e-05,0.01,🟢 Safe
6816,7.312237e-05,0.01,🟢 Safe
9295,0.0002093237,0.02,🟢 Safe
7851,2.763613e-05,0.0,🟢 Safe
6260,0.0021350668,0.21,🟢 Safe
6371,0.0002787452,0.03,🟢 Safe
7985,0.0017336146,0.17,🟢 Safe
5964,0.005641989,0.56,🟢 Safe
4672,0.00015796331,0.02,🟢 Safe
3360,0.99972814,99.97,🔴 Critical Risk
9027,0.00020591903,0.02,🟢 Safe
2016,5.0948973e-05,0.01,🟢 Safe
1392,0.056753576,5.68,🟢 Safe
8690,5.096652e-05,0.01,🟢 Safe
7604,0.00021695966,0.02,🟢 Safe
7879,5.8031306e-05,0.01,🟢 Safe
7842,6.2809784e-05,0.01,🟢 Safe
7642,5.9114776e-05,0.01,🟢 Safe
6124,8.32191e-05,0.01,🟢 Safe
297,0.9996556,99.97,🔴 Critical Risk
3153,7.241375e-05,0.01,🟢 Safe
8118,8.154319e-05,0.01,🟢 Safe
5164,0.00024619998,0.02,🟢 Safe
1797,5.4082884e-05,0.01,🟢 Safe
2970,5.686159e-05,0.01,🟢 Safe
9146,0.20313571,20.31,🔵 Low Risk
6601,0.093977414,9.4,🟢 Safe
5823,6.109379e-05,0.01,🟢 Safe
5812,0.0005577836,0.06,🟢 Safe
8835,0.9999137,99.99,🔴 Critical Risk
6066,0.77551264,77.55,🟠 High Risk
2425,0.11122113,11.12,🟢 Safe
5227,0.9999285,99.99,🔴 Critical Risk
6355,2.8548227e-05,0.0,🟢 Safe
4423,5.2705273e-05,0.01,🟢 Safe
6171,0.000276541,0.03,🟢 Safe
5505,0.0015183903,0.15,🟢 Safe
3364,9.078205e-05,0.01,🟢 Safe
9457,0.00013302824,0.01,🟢 Safe
8040,0.00046659578,0.05,🟢 Safe
6530,2.6948295e-05,0.0,🟢 Safe
4460,6.538653e-05,0.01,🟢 Safe
7794,0.00033477644,0.03,🟢 Safe
3106,0.0009406511,0.09,🟢 Safe
4853,0.00044418534,0.04,🟢 Safe
225,2.8682898e-05,0.0,🟢 Safe
7255,4.0781793e-05,0.0,🟢 Safe
6846,0.0004029976,0.04,🟢 Safe
9433,0.0063025127,0.63,🟢 Safe
9031,3.6471443e-05,0.0,🟢 Safe
5110,0.00012704873,0.01,🟢 Safe
9000,0.00026973852,0.03,🟢 Safe
8277,0.0002930575,0.03,🟢 Safe
8072,0.99962246,99.96,🔴 Critical Risk
5071,9.7038384e-05,0.01,🟢 Safe
9483,0.004519299,0.45,🟢 Safe
6033,0.9997738,99.98,🔴 Critical Risk
1718,0.0012415296,0.12,🟢 Safe
9916,4.4051485e-05,0.0,🟢 Safe
7226,4.4108023e-05,0.0,🟢 Safe
4580,0.018164048,1.82,🟢 Safe
7841,0.00021135187,0.02,🟢 Safe
9758,0.00069358095,0.07,🟢 Safe
2848,0.00024948953,0.02,🟢 Safe
9378,0.00032289795,0.03,🟢 Safe
5595,3.699771e-05,0.0,🟢 Safe
5993,0.7603909,76.04,🟠 High Risk
5296,4.5525197e-05,0.0,🟢 Safe
6865,0.99841726,99.84,🔴 Critical Risk
8227,3.6575446e-05,0.0,🟢 Safe
6859,0.9976114,99.76,🔴 Critical Risk
3626,0.99965775,99.97,🔴 Critical Risk
4418,2.1573396e-05,0.0,🟢 Safe
7928,0.0001367716,0.01,🟢 Safe
6052,6.926165e-05,0.01,🟢 Safe
2175,7.146807e-05,0.01,🟢 Safe
9822,0.0004835095,0.05,🟢 Safe
765,0.99813795,99.81,🔴 Critical Risk
9340,0.00010892121,0.01,🟢 Safe
5136,0.01297648,1.3,🟢 Safe
1443,0.00016724734,0.02,🟢 Safe
3882,0.00038918626,0.04,🟢 Safe
8587,0.00083705643,0.08,🟢 Safe
2343,0.0002005694,0.02,🟢 Safe
864,3.9737373e-05,0.0,🟢 Safe
9824,0.00010792455,0.01,🟢 Safe
7183,0.00035870585,0.04,🟢 Safe
7632,0.0014487118,0.14,🟢 Safe
238,4.884246e-05,0.0,🟢 Safe
7684,4.3707976e-05,0.0,🟢 Safe
6698,0.0007893024,0.08,🟢 Safe
1062,0.00011320221,0.01,🟢 Safe
8346,0.00017210274,0.02,🟢 Safe
8778,0.0005321821,0.05,🟢 Safe
8545,0.9072088,90.72,🔴 Critical Risk
905,0.032814912,3.28,🟢 Safe
4034,1.6197295e-05,0.0,🟢 Safe
6391,7.368726e-05,0.01,🟢 Safe
7918,0.000117618576,0.01,🟢 Safe
3449,2.9815135e-05,0.0,🟢 Safe
9240,0.00010462855,0.01,🟢 Safe
100,2.1330687e-05,0.0,🟢 Safe
7735,0.76544684,76.54,🟠 High Risk
8480,0.00014916825,0.01,🟢 Safe
7921,6.852591e-05,0.01,🟢 Safe
7509,0.00028461427,0.03,🟢 Safe
5510,6.75445e-05,0.01,🟢 Safe
9628,0.00019203607,0.02,🟢 Safe
2275,0.00066584954,0.07,🟢 Safe
2743,5.7599882e-05,0.01,🟢 Safe
4307,2.912813e-05,0.0,🟢 Safe
7697,8.159671e-05,0.01,🟢 Safe
8882,9.830907e-05,0.01,🟢 Safe
7027,0.021849561,2.18,🟢 Safe
4196,0.99585223,99.59,🔴 Critical Risk
4205,0.00011341225,0.01,🟢 Safe
4973,2.7331786e-05,0.0,🟢 Safe
5951,5.4819386e-05,0.01,🟢 Safe
9720,8.581543e-05,0.01,🟢 Safe
5403,0.0001912031,0.02,🟢 Safe
3814,5.401237e-05,0.01,🟢 Safe
1629,0.00026740963,0.03,🟢 Safe
2626,4.368531e-05,0.0,🟢 Safe
1964,0.000436056,0.04,🟢 Safe
5288,1.8726443e-05,0.0,🟢 Safe
406,0.99989843,99.99,🔴 Critical Risk
1096,3.6152825e-05,0.0,🟢 Safe
5137,0.0017992398,0.18,🟢 Safe
4395,4.6042533e-05,0.0,🟢 Safe
527,0.008556005,0.86,🟢 Safe
4074,1.5432704e-05,0.0,🟢 Safe
2248,0.33115023,33.12,🔵 Low Risk
2041,7.23586e-05,0.01,🟢 Safe
79,0.0006353971,0.06,🟢 Safe
2304,0.0036117896,0.36,🟢 Safe
9427,0.0015984314,0.16,🟢 Safe
4907,0.0030867178,0.31,🟢 Safe
9535,4.3471162e-05,0.0,🟢 Safe
1014,0.00013814669,0.01,🟢 Safe
1786,7.7589735e-05,0.01,🟢 Safe
8739,4.2495187e-05,0.0,🟢 Safe
7668,4.6210695e-05,0.0,🟢 Safe
3234,2.7294302e-05,0.0,🟢 Safe
9200,0.998384,99.84,🔴 Critical Risk
1091,3.6930982e-05,0.0,🟢 Safe
1902,0.0011112451,0.11,🟢 Safe
5396,5.287054e-05,0.01,🟢 Safe
9083,2.7111877e-05,0.0,🟢 Safe
5357,0.000224765,0.02,🟢 Safe
3011,7.6378026e-05,0.01,🟢 Safe
2131,8.099984e-05,0.01,🟢 Safe
1743,2.271726e-05,0.0,🟢 Safe
4254,4.562368e-05,0.0,🟢 Safe
6142,0.0002149945,0.02,🟢 Safe
3967,0.00010347728,0.01,🟢 Safe
9011,2.7985283e-05,0.0,🟢 Safe
8150,0.00025046075,0.03,🟢 Safe
41,0.0022851948,0.23,🟢 Safe
8726,0.00017684764,0.02,🟢 Safe
8582,0.9976568,99.77,🔴 Critical Risk
2782,0.00012622446,0.01,🟢 Safe
4165,0.0002346004,0.02,🟢 Safe
1228,0.9999676,100.0,🔴 Critical Risk
7661,0.99858946,99.86,🔴 Critical Risk
802,0.00018746984,0.02,🟢 Safe
7053,0.001766289,0.18,🟢 Safe
2130,0.00043412115,0.04,🟢 Safe
8766,0.004786516,0.48,🟢 Safe
4123,5.925644e-05,0.01,🟢 Safe
9730,0.023101857,2.31,🟢 Safe
1885,0.00015257952,0.02,🟢 Safe
2047,0.06480059,6.48,🟢 Safe
6780,0.0004995524,0.05,🟢 Safe
6949,9.2859125e-05,0.01,🟢 Safe
4892,3.763968e-05,0.0,🟢 Safe
9841,4.2103708e-05,0.0,🟢 Safe
5636,0.000120230565,0.01,🟢 Safe
9667,0.0057610385,0.58,🟢 Safe
2944,6.763132e-05,0.01,🟢 Safe
874,0.04120914,4.12,🟢 Safe
7248,0.00033856457,0.03,🟢 Safe
3219,0.9992317,99.92,🔴 Critical Risk
3202,0.516981,51.7,🟡 Moderate Risk
5887,0.000104127605,0.01,🟢 Safe
7296,0.0023185783,0.23,🟢 Safe
28,3.2007316e-05,0.0,🟢 Safe
134,0.0008199899,0.08,🟢 Safe
4721,0.0002954271,0.03,🟢 Safe
1849,0.8415545,84.16,🔴 Critical Risk
4952,2.7602682e-05,0.0,🟢 Safe
6868,0.9989723,99.9,🔴 Critical Risk
2123,3.970506e-05,0.0,🟢 Safe
6974,9.828217e-05,0.01,🟢 Safe
3700,4.209371e-05,0.0,🟢 Safe
6008,0.00022547867,0.02,🟢 Safe
4326,0.99770194,99.77,🔴 Critical Risk
9357,0.0034710534,0.35,🟢 Safe
8218,0.00014117517,0.01,🟢 Safe
5276,0.9995921,99.96,🔴 Critical Risk
617,0.00012994319,0.01,🟢 Safe
5104,2.1665805e-05,0.0,🟢 Safe
6877,0.002158572,0.22,🟢 Safe
9637,5.033402e-05,0.01,🟢 Safe
6094,0.9944548,99.45,🔴 Critical Risk
7102,4.4523145e-05,0.0,🟢 Safe
4783,3.4747925e-05,0.0,🟢 Safe
3649,0.00037271815,0.04,🟢 Safe
2440,5.7789257e-05,0.01,🟢 Safe
2356,3.966336e-05,0.0,🟢 Safe
8859,3.2077904e-05,0.0,🟢 Safe
8157,4.8285237e-05,0.0,🟢 Safe
2316,2.9078254e-05,0.0,🟢 Safe
4106,0.00050210336,0.05,🟢 Safe
4098,0.0001372842,0.01,🟢 Safe
8213,3.2514134e-05,0.0,🟢 Safe
4967,0.00010896671,0.01,🟢 Safe
3867,7.31154e-05,0.01,🟢 Safe
3014,9.165826e-05,0.01,🟢 Safe
7646,0.9997217,99.97,🔴 Critical Risk
7908,0.00027367994,0.03,🟢 Safe
7778,0.00056798063,0.06,🟢 Safe
906,0.0010444059,0.1,🟢 Safe
7250,0.005857361,0.59,🟢 Safe
3108,0.00039460007,0.04,🟢 Safe
4143,0.0006814256,0.07,🟢 Safe
7430,0.0003439611,0.03,🟢 Safe
2168,0.7917212,79.17,🟠 High Risk
4344,0.00017793455,0.02,🟢 Safe
1715,0.00060237164,0.06,🟢 Safe
4908,0.00014947922,0.01,🟢 Safe
2035,0.000103592596,0.01,🟢 Safe
3875,0.0067611192,0.68,🟢 Safe
9918,4.286986e-05,0.0,🟢 Safe
9987,0.083700806,8.37,🟢 Safe
441,0.13156892,13.16,🟢 Safe
9691,3.9243474e-05,0.0,🟢 Safe
6354,0.0003917112,0.04,🟢 Safe
2274,6.1396975e-05,0.01,🟢 Safe
7981,2.63164e-05,0.0,🟢 Safe
3568,0.00027712111,0.03,🟢 Safe
7262,0.000568803,0.06,🟢 Safe
8015,7.8560355e-05,0.01,🟢 Safe
6312,0.00037440902,0.04,🟢 Safe
8035,0.0005865834,0.06,🟢 Safe
1611,8.674771e-05,0.01,🟢 Safe
9017,7.79263e-05,0.01,🟢 Safe
6882,8.375609e-05,0.01,🟢 Safe
3550,8.622138e-05,0.01,🟢 Safe
319,0.00027723052,0.03,🟢 Safe
9111,0.00039911552,0.04,🟢 Safe
1884,7.374019e-05,0.01,🟢 Safe
1512,0.00019356112,0.02,🟢 Safe
5671,0.0047496087,0.47,🟢 Safe
5010,0.00020215778,0.02,🟢 Safe
4349,6.2327505e-05,0.01,🟢 Safe
4667,0.00010200859,0.01,🟢 Safe
265,0.11740697,11.74,🟢 Safe
5749,3.595564e-05,0.0,🟢 Safe
2079,0.00021904278,0.02,🟢 Safe
6092,0.0012154464,0.12,🟢 Safe
2746,0.000989781,0.1,🟢 Safe
6629,2.1130812e-05,0.0,🟢 Safe
8410,0.000591438,0.06,🟢 Safe
5954,0.074989684,7.5,🟢 Safe
380,0.08920983,8.92,🟢 Safe
9490,7.379852e-05,0.01,🟢 Safe
5713,0.0032492268,0.32,🟢 Safe
3146,0.0115709035,1.16,🟢 Safe
8667,0.00016257417,0.02,🟢 Safe
4683,0.0006236293,0.06,🟢 Safe
8794,0.00011486073,0.01,🟢 Safe
5685,0.00029771682,0.03,🟢 Safe
9028,0.9986513,99.87,🔴 Critical Risk
7637,5.9761052e-05,0.01,🟢 Safe
3084,0.8567958,85.68,🔴 Critical Risk
293,4.173955e-05,0.0,🟢 Safe
9540,0.00042938074,0.04,🟢 Safe
9506,9.3963106e-05,0.01,🟢 Safe
6966,9.181099e-05,0.01,🟢 Safe
4622,0.0012717091,0.13,🟢 Safe
3994,0.00012241668,0.01,🟢 Safe
3892,0.00068757456,0.07,🟢 Safe
6140,1.5895532e-05,0.0,🟢 Safe
3983,6.0680904e-05,0.01,🟢 Safe
8104,0.9563824,95.64,🔴 Critical Risk
9156,8.3124876e-05,0.01,🟢 Safe
4896,2.6189016e-05,0.0,🟢 Safe
4448,0.0013822753,0.14,🟢 Safe
2066,5.5260538e-05,0.01,🟢 Safe
1774,0.00073239516,0.07,🟢 Safe
9188,0.00021116332,0.02,🟢 Safe
9075,0.0002685284,0.03,🟢 Safe
6743,0.00016730589,0.02,🟢 Safe
3391,7.320526e-05,0.01,🟢 Safe
2415,7.430037e-05,0.01,🟢 Safe
531,7.079302e-05,0.01,🟢 Safe
597,4.3497952e-05,0.0,🟢 Safe
565,0.025872435,2.59,🟢 Safe
5318,0.0002976317,0.03,🟢 Safe
1554,0.0015234012,0.15,🟢 Safe
229,0.11722381,11.72,🟢 Safe
9306,4.2766067e-05,0.0,🟢 Safe
5359,6.4288084e-05,0.01,🟢 Safe
9313,0.0014035392,0.14,🟢 Safe
8203,3.0609608e-05,0.0,🟢 Safe
9558,8.659051e-05,0.01,🟢 Safe
9,0.9983424,99.83,🔴 Critical Risk
3800,0.90052015,90.05,🔴 Critical Risk
7610,6.044677e-05,0.01,🟢 Safe
6288,0.00010789398,0.01,🟢 Safe
1461,4.3157404e-05,0.0,🟢 Safe
9039,0.00071661227,0.07,🟢 Safe
8893,3.1907082e-05,0.0,🟢 Safe
3909,0.0013767536,0.14,🟢 Safe
6653,0.0012437565,0.12,🟢 Safe
2900,0.00021493321,0.02,🟢 Safe
5400,0.00013743286,0.01,🟢 Safe
8983,0.0029342987,0.29,🟢 Safe
267,0.00026143473,0.03,🟢 Safe
9219,0.82665575,82.67,🔴 Critical Risk
6321,0.00030255227,0.03,🟢 Safe
9796,3.271203e-05,0.0,🟢 Safe
8522,0.0027151327,0.27,🟢 Safe
775,0.021296687,2.13,🟢 Safe
6683,0.09472147,9.47,🟢 Safe
3290,0.0002729058,0.03,🟢 Safe
8948,9.4137366e-05,0.01,🟢 Safe
1187,0.0002676535,0.03,🟢 Safe
39,0.00014986898,0.01,🟢 Safe
9797,0.00056786777,0.06,🟢 Safe
6860,0.99640524,99.64,🔴 Critical Risk
6156,0.055121202,5.51,🟢 Safe
6394,0.99969625,99.97,🔴 Critical Risk
2313,0.000164425,0.02,🟢 Safe
1496,0.9987453,99.87,🔴 Critical Risk
6192,5.221416e-05,0.01,🟢 Safe
8884,5.2452513e-05,0.01,🟢 Safe
3533,0.0009997102,0.1,🟢 Safe
7470,0.00039477993,0.04,🟢 Safe
7857,6.656134e-05,0.01,🟢 Safe
2576,3.940488e-05,0.0,🟢 Safe
1642,3.5555742e-05,0.0,🟢 Safe
10,0.00013180774,0.01,🟢 Safe
7385,0.0006530704,0.07,🟢 Safe
3617,0.00039663058,0.04,🟢 Safe
7904,3.1064297e-05,0.0,🟢 Safe
1067,2.3518323e-05,0.0,🟢 Safe
4820,0.8862972,88.63,🔴 Critical Risk
9413,9.393901e-05,0.01,🟢 Safe
5891,0.98349285,98.35,🔴 Critical Risk
2809,6.0797276e-05,0.01,🟢 Safe
6547,0.0019768586,0.2,🟢 Safe
2982,0.99301517,99.3,🔴 Critical Risk
3316,0.99985635,99.99,🔴 Critical Risk
7286,4.3921154e-05,0.0,🟢 Safe
5312,0.28388056,28.39,🔵 Low Risk
3159,0.0030198712,0.3,🟢 Safe
5424,8.541448e-05,0.01,🟢 Safe
572,6.76141e-05,0.01,🟢 Safe
1499,0.27448002,27.45,🔵 Low Risk
6675,0.0002168765,0.02,🟢 Safe
1006,4.3581742e-05,0.0,🟢 Safe
6574,0.01171812,1.17,🟢 Safe
6210,0.00015230305,0.02,🟢 Safe
143,5.3442483e-05,0.01,🟢 Safe
794,0.9997483,99.97,🔴 Critical Risk
5985,0.00031670523,0.03,🟢 Safe
3498,0.00017831754,0.02,🟢 Safe
7709,0.94503045,94.5,🔴 Critical Risk
9060,0.013593564,1.36,🟢 Safe
2397,3.9150626e-05,0.0,🟢 Safe
633,0.00014415054,0.01,🟢 Safe
4256,2.0954301e-05,0.0,🟢 Safe
5876,3.7737223e-05,0.0,🟢 Safe
5716,0.0015354084,0.15,🟢 Safe
7397,7.31147e-05,0.01,🟢 Safe
1100,0.7648994,76.49,🟠 High Risk
7721,5.2854357e-05,0.01,🟢 Safe
5598,0.07497712,7.5,🟢 Safe
8777,2.5178242e-05,0.0,🟢 Safe
651,9.712781e-05,0.01,🟢 Safe
9900,0.00020681866,0.02,🟢 Safe
1515,0.0001350395,0.01,🟢 Safe
6411,2.6100133e-05,0.0,🟢 Safe
4410,8.2031576e-05,0.01,🟢 Safe
6519,0.008980869,0.9,🟢 Safe
5140,0.9843556,98.44,🔴 Critical Risk
6495,4.397333e-05,0.0,🟢 Safe
6173,0.9983852,99.84,🔴 Critical Risk
3362,0.0012130459,0.12,🟢 Safe
2566,0.09177277,9.18,🟢 Safe
5537,0.00011785063,0.01,🟢 Safe
9286,0.0004616631,0.05,🟢 Safe
4971,0.0122750215,1.23,🟢 Safe
8223,2.22118e-05,0.0,🟢 Safe
4756,0.00025351578,0.03,🟢 Safe
2639,0.9992693,99.93,🔴 Critical Risk
2068,5.4159165e-05,0.01,🟢 Safe
9731,5.1107905e-05,0.01,🟢 Safe
339,9.634594e-05,0.01,🟢 Safe
920,0.0001759112,0.02,🟢 Safe
8669,0.9860583,98.61,🔴 Critical Risk
692,5.1914925e-05,0.01,🟢 Safe
8224,9.913042e-05,0.01,🟢 Safe
7489,8.117746e-05,0.01,🟢 Safe
9303,0.00014996648,0.01,🟢 Safe
8240,2.9654102e-05,0.0,🟢 Safe
6433,6.2803556e-05,0.01,🟢 Safe
5333,0.00023317698,0.02,🟢 Safe
5177,0.009154965,0.92,🟢 Safe
6976,2.1147e-05,0.0,🟢 Safe
2647,8.807829e-05,0.01,🟢 Safe
251,5.3177264e-05,0.01,🟢 Safe
1099,0.000107522705,0.01,🟢 Safe
5883,0.0002196231,0.02,🟢 Safe
9342,2.5150452e-05,0.0,🟢 Safe
67,0.00016304333,0.02,🟢 Safe
5919,5.890842e-05,0.01,🟢 Safe
6464,0.43325084,43.33,🟡 Moderate Risk
3231,0.99669266,99.67,🔴 Critical Risk
1922,2.421675e-05,0.0,🟢 Safe
8746,7.639595e-05,0.01,🟢 Safe
5116,3.2199827e-05,0.0,🟢 Safe
5132,0.0014984908,0.15,🟢 Safe
614,2.5039813e-05,0.0,🟢 Safe
6184,0.99973494,99.97,🔴 Critical Risk
2053,0.9968708,99.69,🔴 Critical Risk
978,8.43168e-05,0.01,🟢 Safe
4557,2.5798034e-05,0.0,🟢 Safe
957,0.00085160165,0.09,🟢 Safe
410,0.20950645,20.95,🔵 Low Risk
2285,0.0073169954,0.73,🟢 Safe
2442,2.5824987e-05,0.0,🟢 Safe
6231,0.02453654,2.45,🟢 Safe
8585,6.581617e-05,0.01,🟢 Safe
5867,0.0001680112,0.02,🟢 Safe
6875,5.9018235e-05,0.01,🟢 Safe
4204,0.015461504,1.55,🟢 Safe
5384,9.899572e-05,0.01,🟢 Safe
9116,4.7419235e-05,0.0,🟢 Safe
3275,0.00014316427,0.01,🟢 Safe
3126,0.6246127,62.46,🟠 High Risk
9037,0.0006571102,0.07,🟢 Safe
9423,7.591055e-05,0.01,🟢 Safe
593,0.0001545208,0.02,🟢 Safe
3959,3.979084e-05,0.0,🟢 Safe
7545,0.003671785,0.37,🟢 Safe
1397,8.080435e-05,0.01,🟢 Safe
5449,0.0008390525,0.08,🟢 Safe
1393,0.41211268,41.21,🟡 Moderate Risk
9484,0.0001271412,0.01,🟢 Safe
7954,0.56285995,56.29,🟡 Moderate Risk
9794,0.011238985,1.12,🟢 Safe
7440,0.00019912027,0.02,🟢 Safe
5630,4.1584204e-05,0.0,🟢 Safe
925,0.0011034444,0.11,🟢 Safe
1794,0.00017629407,0.02,🟢 Safe
7325,4.537463e-05,0.0,🟢 Safe
6571,0.9998764,99.99,🔴 Critical Risk
3292,0.0008928839,0.09,🟢 Safe
943,0.9987143,99.87,🔴 Critical Risk
2215,0.026947828,2.69,🟢 Safe
115,0.9970674,99.71,🔴 Critical Risk
3861,5.659446e-05,0.01,🟢 Safe
4132,0.006517058,0.65,🟢 Safe
1909,3.539319e-05,0.0,🟢 Safe
2376,0.0015964616,0.16,🟢 Safe
3897,9.0698544e-05,0.01,🟢 Safe
2966,0.99978095,99.98,🔴 Critical Risk
4384,5.0131865e-05,0.01,🟢 Safe
5350,5.480365e-05,0.01,🟢 Safe
3681,0.00015773678,0.02,🟢 Safe
3503,0.0066729756,0.67,🟢 Safe
1041,4.63881e-05,0.0,🟢 Safe
2428,4.5845194e-05,0.0,🟢 Safe
8902,7.564636e-05,0.01,🟢 Safe
3830,7.17542e-05,0.01,🟢 Safe
2370,0.000114423674,0.01,🟢 Safe
9336,0.000177441,0.02,🟢 Safe
3283,0.00024307033,0.02,🟢 Safe
4930,4.583466e-05,0.0,🟢 Safe
5060,0.0010519405,0.11,🟢 Safe
504,0.028566195,2.86,🟢 Safe
3057,9.509355e-05,0.01,🟢 Safe
2121,0.00019155108,0.02,🟢 Safe
5252,0.00014624403,0.01,🟢 Safe
1330,3.8081966e-05,0.0,🟢 Safe
1880,4.0615872e-05,0.0,🟢 Safe
8624,0.0017986662,0.18,🟢 Safe
2684,0.016257346,1.63,🟢 Safe
3740,5.2268766e-05,0.01,🟢 Safe
9449,0.00013271693,0.01,🟢 Safe
1030,5.741283e-05,0.01,🟢 Safe
7069,0.00029780538,0.03,🟢 Safe
9662,0.00013697051,0.01,🟢 Safe
8954,9.847571e-05,0.01,🟢 Safe
2340,0.0003547257,0.04,🟢 Safe
7458,0.00022512145,0.02,🟢 Safe
1271,0.00019222219,0.02,🟢 Safe
4314,0.058640834,5.86,🟢 Safe
5594,0.00021923168,0.02,🟢 Safe
1662,4.839523e-05,0.0,🟢 Safe
6236,4.1090858e-05,0.0,🟢 Safe
8637,0.00016644712,0.02,🟢 Safe
4734,2.8534372e-05,0.0,🟢 Safe
1860,0.00015139188,0.02,🟢 Safe
1471,0.00014495703,0.01,🟢 Safe
9551,6.391088e-05,0.01,🟢 Safe
6576,0.00013303432,0.01,🟢 Safe
4226,3.1745494e-05,0.0,🟢 Safe
404,0.99977285,99.98,🔴 Critical Risk
5422,0.053171296,5.32,🟢 Safe
142,5.067684e-05,0.01,🟢 Safe
1190,0.029523643,2.95,🟢 Safe
5265,3.4492754e-05,0.0,🟢 Safe
5057,3.7683494e-05,0.0,🟢 Safe
7233,0.01834724,1.83,🟢 Safe
2811,2.6613401e-05,0.0,🟢 Safe
1839,0.0008541697,0.09,🟢 Safe
3857,0.00023590516,0.02,🟢 Safe
9557,3.8150156e-05,0.0,🟢 Safe
6240,0.0002556837,0.03,🟢 Safe
5249,8.273856e-05,0.01,🟢 Safe
787,0.90573657,90.57,🔴 Critical Risk
1545,0.18603797,18.6,🟢 Safe
9431,1.9786365e-05,0.0,🟢 Safe
8540,0.00046949286,0.05,🟢 Safe
3817,5.4272437e-05,0.01,🟢 Safe
1666,2.8086106e-05,0.0,🟢 Safe
125,0.99980384,99.98,🔴 Critical Risk
2955,0.0003961507,0.04,🟢 Safe
6325,4.357505e-05,0.0,🟢 Safe
7016,0.00012394032,0.01,🟢 Safe
8149,8.2492836e-05,0.01,🟢 Safe
3590,6.939189e-05,0.01,🟢 Safe
9832,4.8917038e-05,0.0,🟢 Safe
915,7.437699e-05,0.01,🟢 Safe
7698,0.00012910052,0.01,🟢 Safe
3726,5.0299663e-05,0.01,🟢 Safe
4571,7.057941e-05,0.01,🟢 Safe
1032,0.9997452,99.97,🔴 Critical Risk
6568,8.032288e-05,0.01,🟢 Safe
1711,0.00037161564,0.04,🟢 Safe
172,0.000110385685,0.01,🟢 Safe
5328,5.4691613e-05,0.01,🟢 Safe
8062,8.494645e-05,0.01,🟢 Safe
2657,9.158731e-05,0.01,🟢 Safe
7042,1.8596988e-05,0.0,🟢 Safe
576,0.999853,99.99,🔴 Critical Risk
6925,0.00029049854,0.03,🟢 Safe
9561,0.00010887822,0.01,🟢 Safe
3033,0.00012768124,0.01,🟢 Safe
6443,0.030008638,3.0,🟢 Safe
7971,5.7791523e-05,0.01,🟢 Safe
320,0.00011477074,0.01,🟢 Safe
6038,0.001992248,0.2,🟢 Safe
7943,0.055417113,5.54,🟢 Safe
3520,5.0095976e-05,0.01,🟢 Safe
312,0.00010630685,0.01,🟢 Safe
1448,0.00010293139,0.01,🟢 Safe
1489,0.0035073862,0.35,🟢 Safe
8716,0.8271074,82.71,🔴 Critical Risk
1412,0.00013944194,0.01,🟢 Safe
4116,0.000101812686,0.01,🟢 Safe
2065,0.000525224,0.05,🟢 Safe
2322,3.736384e-05,0.0,🟢 Safe
856,8.2744315e-05,0.01,🟢 Safe
3686,4.762507e-05,0.0,🟢 Safe
1022,4.2951087e-05,0.0,🟢 Safe
433,0.00024402706,0.02,🟢 Safe
9486,2.4082989e-05,0.0,🟢 Safe
5063,8.876862e-05,0.01,🟢 Safe
9770,4.9466023e-05,0.0,🟢 Safe
7367,0.00018790041,0.02,🟢 Safe
56,6.736445e-05,0.01,🟢 Safe
6182,6.0153852e-05,0.01,🟢 Safe
4695,9.1018606e-05,0.01,🟢 Safe
7072,5.9693557e-05,0.01,🟢 Safe
6935,0.00092920254,0.09,🟢 Safe
8415,0.0028706875,0.29,🟢 Safe
3574,0.00039115257,0.04,🟢 Safe
1072,5.2113428e-05,0.01,🟢 Safe
895,9.281645e-05,0.01,🟢 Safe
1464,2.7889639e-05,0.0,🟢 Safe
2755,2.5018237e-05,0.0,🟢 Safe
1975,5.06101e-05,0.01,🟢 Safe
9660,0.008393191,0.84,🟢 Safe
3450,3.7458096e-05,0.0,🟢 Safe
5728,7.242321e-05,0.01,🟢 Safe
7552,0.00038643292,0.04,🟢 Safe
9615,0.001530498,0.15,🟢 Safe
5172,2.449699e-05,0.0,🟢 Safe
6648,3.0817388e-05,0.0,🟢 Safe
7288,0.16494761,16.49,🟢 Safe
6876,0.026936617,2.69,🟢 Safe
3184,3.3175384e-05,0.0,🟢 Safe
461,4.3331886e-05,0.0,🟢 Safe
4980,5.941295e-05,0.01,🟢 Safe
3239,6.526393e-05,0.01,🟢 Safe
5665,0.00081467826,0.08,🟢 Safe
9066,8.7037966e-05,0.01,🟢 Safe
8036,9.020286e-05,0.01,🟢 Safe
5686,0.00010139317,0.01,🟢 Safe
4654,6.707145e-05,0.01,🟢 Safe
4724,1.9293751e-05,0.0,🟢 Safe
6093,0.99969935,99.97,🔴 Critical Risk
1084,0.00038286453,0.04,🟢 Safe
7005,3.4330507e-05,0.0,🟢 Safe
469,0.00023085269,0.02,🟢 Safe
3191,0.0007926706,0.08,🟢 Safe
4939,4.5658588e-05,0.0,🟢 Safe
3164,0.00026328425,0.03,🟢 Safe
1105,0.0005591796,0.06,🟢 Safe
5250,0.038539115,3.85,🟢 Safe
9574,0.96013564,96.01,🔴 Critical Risk
4393,0.97681683,97.68,🔴 Critical Risk
849,7.234459e-05,0.01,🟢 Safe
8417,0.05907921,5.91,🟢 Safe
8451,0.011187438,1.12,🟢 Safe
7995,0.00034330998,0.03,🟢 Safe
305,6.299178e-05,0.01,🟢 Safe
4562,0.99725777,99.73,🔴 Critical Risk
8475,5.571194e-05,0.01,🟢 Safe
2904,0.0044264253,0.44,🟢 Safe
444,0.002323314,0.23,🟢 Safe
1131,1.9803185e-05,0.0,🟢 Safe
8706,0.00013689112,0.01,🟢 Safe
366,8.934371e-05,0.01,🟢 Safe
3884,0.00033306214,0.03,🟢 Safe
4496,0.00026533502,0.03,🟢 Safe
2222,0.026920771,2.69,🟢 Safe
4219,0.00288943,0.29,🟢 Safe
3464,0.0001890473,0.02,🟢 Safe
2258,0.00010555943,0.01,🟢 Safe
1590,0.00031882283,0.03,🟢 Safe
2535,0.98954976,98.95,🔴 Critical Risk
8305,0.00025898954,0.03,🟢 Safe
3497,0.00020726658,0.02,🟢 Safe
6994,0.00013839272,0.01,🟢 Safe
5091,0.00018245305,0.02,🟢 Safe
7752,0.000117156174,0.01,🟢 Safe
2220,8.622549e-05,0.01,🟢 Safe
7950,4.8497146e-05,0.0,🟢 Safe
2620,0.00016583405,0.02,🟢 Safe
3755,4.299014e-05,0.0,🟢 Safe
9958,0.0002737736,0.03,🟢 Safe
1730,9.556325e-05,0.01,🟢 Safe
4717,0.00050338474,0.05,🟢 Safe
761,0.020354396,2.04,🟢 Safe
1428,0.00032064292,0.03,🟢 Safe
5739,0.025968656,2.6,🟢 Safe
4543,4.3588516e-05,0.0,🟢 Safe
4465,0.0004549001,0.05,🟢 Safe
1039,4.7383164e-05,0.0,🟢 Safe
6649,2.1944803e-05,0.0,🟢 Safe
1465,0.00026369098,0.03,🟢 Safe
8733,0.002342583,0.23,🟢 Safe
7769,0.000107114996,0.01,🟢 Safe
1186,0.040853966,4.09,🟢 Safe
9272,3.9872928e-05,0.0,🟢 Safe
7973,9.263616e-05,0.01,🟢 Safe
4687,0.9761737,97.62,🔴 Critical Risk
3725,0.99975795,99.98,🔴 Critical Risk
5189,0.00014532226,0.01,🟢 Safe
6081,0.00046198815,0.05,🟢 Safe
2309,0.0005823078,0.06,🟢 Safe
9052,0.001692255,0.17,🟢 Safe
8093,0.0001524975,0.02,🟢 Safe
9183,7.898107e-05,0.01,🟢 Safe
2251,3.571305e-05,0.0,🟢 Safe
3193,0.9997626,99.98,🔴 Critical Risk
5,4.2470314e-05,0.0,🟢 Safe
1833,0.997124,99.71,🔴 Critical Risk
9625,0.000102379,0.01,🟢 Safe
2193,0.9994912,99.95,🔴 Critical Risk
4316,7.919096e-05,0.01,🟢 Safe
8082,4.8745158e-05,0.0,🟢 Safe
1226,7.592293e-05,0.01,🟢 Safe
209,1.6525339e-05,0.0,🟢 Safe
5593,6.897941e-05,0.01,🟢 Safe
9318,3.0856354e-05,0.0,🟢 Safe
3034,7.8482706e-05,0.01,🟢 Safe
5615,0.0054592513,0.55,🟢 Safe
1812,5.9851674e-05,0.01,🟢 Safe
8117,0.0005120343,0.05,🟢 Safe
2396,4.2553827e-05,0.0,🟢 Safe
7890,0.00161761,0.16,🟢 Safe
3389,3.818648e-05,0.0,🟢 Safe
1877,0.00018055059,0.02,🟢 Safe
9250,2.708464e-05,0.0,🟢 Safe
1013,2.7059546e-05,0.0,🟢 Safe
5736,0.22623578,22.62,🔵 Low Risk
7508,0.00012891501,0.01,🟢 Safe
5555,4.4896213e-05,0.0,🟢 Safe
3794,3.5827423e-05,0.0,🟢 Safe
3937,6.166295e-05,0.01,🟢 Safe
5821,0.0005118794,0.05,🟢 Safe
6077,1.720686e-05,0.0,🟢 Safe
1679,0.0026349477,0.26,🟢 Safe
8226,0.1736023,17.36,🟢 Safe
9482,0.0002710652,0.03,🟢 Safe
8238,7.7495824e-05,0.01,🟢 Safe
5320,8.8199326e-05,0.01,🟢 Safe
5684,6.3784355e-05,0.01,🟢 Safe
5444,0.00029610132,0.03,🟢 Safe
4605,0.0043281307,0.43,🟢 Safe
9626,5.330826e-05,0.01,🟢 Safe
261,0.99943703,99.94,🔴 Critical Risk
1934,0.0005551544,0.06,🟢 Safe
2050,3.469495e-05,0.0,🟢 Safe
8877,0.0038058625,0.38,🟢 Safe
3499,5.4479646e-05,0.01,🟢 Safe
3684,0.00023775018,0.02,🟢 Safe
3310,0.00019021446,0.02,🟢 Safe
